id,reactants_RE,products_RE,k
1,.*,.*_degraded.*,0
2,"elRS70SB(([AGC][UAGC][UAGC])|(U[UC][UAGC])|(UA[UC])|(UG[UGC]))[0-9][0-9][0-9][0-9]_Pept[0-9][0-9][0-9][0-9]tRNA(Ala|Arg|Asn|Asp|Cys|Gln|Glu|Gly|His|Ile|Leu|Lys|fMet|mMet|Phe|Pro|Ser|Thr|Trp|Tyr|Val)[ACGU][ACGU][ACGU],EFG_GTP",elRS70SB(([AGC][UAGC][UAGC])|(U[UC][UAGC])|(UA[UC])|(UG[UGC]))[0-9][0-9][0-9][0-9]_Pept[0-9][0-9][0-9][0-9]tRNA(Ala|Arg|Asn|Asp|Cys|Gln|Glu|Gly|His|Ile|Leu|Lys|fMet|mMet|Phe|Pro|Ser|Thr|Trp|Tyr|Val)[ACGU][ACGU][ACGU]_EFG_GTP,30
3,elRS70SB(([AGC][UAGC][UAGC])|(U[UC][UAGC])|(UA[UC])|(UG[UGC]))[0-9][0-9][0-9][0-9]_Pept[0-9][0-9][0-9][0-9]tRNA(Ala|Arg|Asn|Asp|Cys|Gln|Glu|Gly|His|Ile|Leu|Lys|fMet|mMet|Phe|Pro|Ser|Thr|Trp|Tyr|Val)[ACGU][ACGU][ACGU]_EFG_GTP,"EFG_GTP,elRS70SB(([AGC][UAGC][UAGC])|(U[UC][UAGC])|(UA[UC])|(UG[UGC]))[0-9][0-9][0-9][0-9]_Pept[0-9][0-9][0-9][0-9]tRNA(Ala|Arg|Asn|Asp|Cys|Gln|Glu|Gly|His|Ile|Leu|Lys|fMet|mMet|Phe|Pro|Ser|Thr|Trp|Tyr|Val)[ACGU][ACGU][ACGU]",25
4,elRS70SB(([AGC][UAGC][UAGC])|(U[UC][UAGC])|(UA[UC])|(UG[UGC]))[0-9][0-9][0-9][0-9]_Pept[0-9][0-9][0-9][0-9]tRNA(Ala|Arg|Asn|Asp|Cys|Gln|Glu|Gly|His|Ile|Leu|Lys|fMet|mMet|Phe|Pro|Ser|Thr|Trp|Tyr|Val)[ACGU][ACGU][ACGU]_EFG_GTP,elRS70SB(([AGC][UAGC][UAGC])|(U[UC][UAGC])|(UA[UC])|(UG[UGC]))[0-9][0-9][0-9][0-9]_Pept[0-9][0-9][0-9][0-9]tRNA(Ala|Arg|Asn|Asp|Cys|Gln|Glu|Gly|His|Ile|Leu|Lys|fMet|mMet|Phe|Pro|Ser|Thr|Trp|Tyr|Val)[ACGU][ACGU][ACGU]_EFG_GDP_PO4,31
5,elRS70SB(([AGC][UAGC][UAGC])|(U[UC][UAGC])|(UA[UC])|(UG[UGC]))[0-9][0-9][0-9][0-9]_Pept[0-9][0-9][0-9][0-9]tRNA(Ala|Arg|Asn|Asp|Cys|Gln|Glu|Gly|His|Ile|Leu|Lys|fMet|mMet|Phe|Pro|Ser|Thr|Trp|Tyr|Val)[ACGU][ACGU][ACGU]_EFG_GDP_PO4,elRS70SB(([AGC][UAGC][UAGC])|(U[UC][UAGC])|(UA[UC])|(UG[UGC]))[0-9][0-9][0-9][0-9]_Pept[0-9][0-9][0-9][0-9]tRNA(Ala|Arg|Asn|Asp|Cys|Gln|Glu|Gly|His|Ile|Leu|Lys|fMet|mMet|Phe|Pro|Ser|Thr|Trp|Tyr|Val)[ACGU][ACGU][ACGU]_EFG_GTP,5
6,elRS70SB(([AGC][UAGC][UAGC])|(U[UC][UAGC])|(UA[UC])|(UG[UGC]))[0-9][0-9][0-9][0-9]_Pept[0-9][0-9][0-9][0-9]tRNA(Ala|Arg|Asn|Asp|Cys|Gln|Glu|Gly|His|Ile|Leu|Lys|fMet|mMet|Phe|Pro|Ser|Thr|Trp|Tyr|Val)[ACGU][ACGU][ACGU]_EFG_GDP_PO4,"PO4,elRS70SC[ACGU][ACGU][ACGU][0-9][0-9][0-9][0-9]_Pept[0-9][0-9][0-9][0-9]tRNA(Ala|Arg|Asn|Asp|Cys|Gln|Glu|Gly|His|Ile|Leu|Lys|fMet|mMet|Phe|Pro|Ser|Thr|Trp|Tyr|Val)[ACGU][ACGU][ACGU]_EFG_GDP",5
7,elRS70SC[ACGU][ACGU][ACGU][0-9][0-9][0-9][0-9]_Pept[0-9][0-9][0-9][0-9]tRNA(Ala|Arg|Asn|Asp|Cys|Gln|Glu|Gly|His|Ile|Leu|Lys|fMet|mMet|Phe|Pro|Ser|Thr|Trp|Tyr|Val)[ACGU][ACGU][ACGU]_EFG_GDP,"elRS70SA[ACGU][ACGU][ACGU][0-9][0-9][0-9][0-9]_Pept[0-9][0-9][0-9][0-9]tRNA(Ala|Arg|Asn|Asp|Cys|Gln|Glu|Gly|His|Ile|Leu|Lys|fMet|mMet|Phe|Pro|Ser|Thr|Trp|Tyr|Val)[ACGU][ACGU][ACGU],EFG_GDP",1000
8,"PO4,elRS70SC[ACGU][ACGU][ACGU][0-9][0-9][0-9][0-9]_Pept[0-9][0-9][0-9][0-9]tRNA(Ala|Arg|Asn|Asp|Cys|Gln|Glu|Gly|His|Ile|Leu|Lys|fMet|mMet|Phe|Pro|Ser|Thr|Trp|Tyr|Val)[ACGU][ACGU][ACGU]_EFG_GDP",elRS70SB(([AGC][UAGC][UAGC])|(U[UC][UAGC])|(UA[UC])|(UG[UGC]))[0-9][0-9][0-9][0-9]_Pept[0-9][0-9][0-9][0-9]tRNA(Ala|Arg|Asn|Asp|Cys|Gln|Glu|Gly|His|Ile|Leu|Lys|fMet|mMet|Phe|Pro|Ser|Thr|Trp|Tyr|Val)[ACGU][ACGU][ACGU]_EFG_GDP_PO4,0
9,"elRS70SA[ACGU][ACGU][ACGU][0-9][0-9][0-9][0-9]_Pept[0-9][0-9][0-9][0-9]tRNA(Ala|Arg|Asn|Asp|Cys|Gln|Glu|Gly|His|Ile|Leu|Lys|fMet|mMet|Phe|Pro|Ser|Thr|Trp|Tyr|Val)[ACGU][ACGU][ACGU],EFG_GDP",elRS70SC[ACGU][ACGU][ACGU][0-9][0-9][0-9][0-9]_Pept[0-9][0-9][0-9][0-9]tRNA(Ala|Arg|Asn|Asp|Cys|Gln|Glu|Gly|His|Ile|Leu|Lys|fMet|mMet|Phe|Pro|Ser|Thr|Trp|Tyr|Val)[ACGU][ACGU][ACGU]_EFG_GDP,0
10,elRS70SA(([AGC][UAGC][UAGC])|(U[UC][UAGC])|(UA[UC])|(UG[UGC]))[0-9][0-9][0-9][0-9]_(fMet|(Pept[0-9][0-9][0-9][0-9]))tRNA(Ala|Arg|Asn|Asp|Cys|Gln|Glu|Gly|His|Ile|Leu|Lys|fMet|mMet|Phe|Pro|Ser|Thr|Trp|Tyr|Val)[ACGU][ACGU][ACGU],"elRS70SA(([AGC][UAGC][UAGC])|(U[UC][UAGC])|(UA[UC])|(UG[UGC]))[0-9][0-9][0-9][0-9]_(fMet|(Pept[0-9][0-9][0-9][0-9])),tRNA(Ala|Arg|Asn|Asp|Cys|Gln|Glu|Gly|His|Ile|Leu|Lys|fMet|mMet|Phe|Pro|Ser|Thr|Trp|Tyr|Val)[ACGU][ACGU][ACGU]",1000
11,"elRS70SA(([AGC][UAGC][UAGC])|(U[UC][UAGC])|(UA[UC])|(UG[UGC]))[0-9][0-9][0-9][0-9]_(fMet|(Pept[0-9][0-9][0-9][0-9])),tRNA(Ala|Arg|Asn|Asp|Cys|Gln|Glu|Gly|His|Ile|Leu|Lys|fMet|mMet|Phe|Pro|Ser|Thr|Trp|Tyr|Val)[ACGU][ACGU][ACGU]",elRS70SA(([AGC][UAGC][UAGC])|(U[UC][UAGC])|(UA[UC])|(UG[UGC]))[0-9][0-9][0-9][0-9]_(fMet|(Pept[0-9][0-9][0-9][0-9]))tRNA(Ala|Arg|Asn|Asp|Cys|Gln|Glu|Gly|His|Ile|Leu|Lys|fMet|mMet|Phe|Pro|Ser|Thr|Trp|Tyr|Val)[ACGU][ACGU][ACGU],0
12,elRS70SA(([AGC][UAGC][UAGC])|(U[UC][UAGC])|(UA[UC])|(UG[UGC]))[0-9][0-9][0-9][0-9]_(fMet|(Pept[0-9][0-9][0-9][0-9]))_EFTu_GDP_PO4_(Ala|Arg|Asn|Asp|Cys|Gln|Glu|Gly|His|Ile|Leu|Lys|Met|Phe|Pro|Ser|Thr|Trp|Tyr|Val)tRNA(Ala|Arg|Asn|Asp|Cys|Gln|Glu|Gly|His|Ile|Leu|Lys|fMet|mMet|Phe|Pro|Ser|Thr|Trp|Tyr|Val)[ACGU][ACGU][ACGU],elRS70SA(([AGC][UAGC][UAGC])|(U[UC][UAGC])|(UA[UC])|(UG[UGC]))[0-9][0-9][0-9][0-9]_(fMet|(Pept[0-9][0-9][0-9][0-9]))_EFTu_GTP_(Ala|Arg|Asn|Asp|Cys|Gln|Glu|Gly|His|Ile|Leu|Lys|Met|Phe|Pro|Ser|Thr|Trp|Tyr|Val)tRNA(Ala|Arg|Asn|Asp|Cys|Gln|Glu|Gly|His|Ile|Leu|Lys|fMet|mMet|Phe|Pro|Ser|Thr|Trp|Tyr|Val)[ACGU][ACGU][ACGU],0
13,elRS70SA(([AGC][UAGC][UAGC])|(U[UC][UAGC])|(UA[UC])|(UG[UGC]))[0-9][0-9][0-9][0-9]_(fMet|(Pept[0-9][0-9][0-9][0-9]))_EFTu_GDP_PO4_(Ala|Arg|Asn|Asp|Cys|Gln|Glu|Gly|His|Ile|Leu|Lys|Met|Phe|Pro|Ser|Thr|Trp|Tyr|Val)tRNA(Ala|Arg|Asn|Asp|Cys|Gln|Glu|Gly|His|Ile|Leu|Lys|fMet|mMet|Phe|Pro|Ser|Thr|Trp|Tyr|Val)[ACGU][ACGU][ACGU],"PO4,elRS70SA(([AGC][UAGC][UAGC])|(U[UC][UAGC])|(UA[UC])|(UG[UGC]))[0-9][0-9][0-9][0-9]_(fMet|(Pept[0-9][0-9][0-9][0-9]))_EFTu_GDP_(Ala|Arg|Asn|Asp|Cys|Gln|Glu|Gly|His|Ile|Leu|Lys|Met|Phe|Pro|Ser|Thr|Trp|Tyr|Val)tRNA(Ala|Arg|Asn|Asp|Cys|Gln|Glu|Gly|His|Ile|Leu|Lys|fMet|mMet|Phe|Pro|Ser|Thr|Trp|Tyr|Val)[ACGU][ACGU][ACGU]",1000
14,elRS70SA(([AGC][UAGC][UAGC])|(U[UC][UAGC])|(UA[UC])|(UG[UGC]))[0-9][0-9][0-9][0-9]_(fMet|(Pept[0-9][0-9][0-9][0-9]))_EFTu_GDP_(Ala|Arg|Asn|Asp|Cys|Gln|Glu|Gly|His|Ile|Leu|Lys|Met|Phe|Pro|Ser|Thr|Trp|Tyr|Val)tRNA(Ala|Arg|Asn|Asp|Cys|Gln|Glu|Gly|His|Ile|Leu|Lys|fMet|mMet|Phe|Pro|Ser|Thr|Trp|Tyr|Val)[ACGU][ACGU][ACGU],"EFTu_GDP,elRS70SA(([AGC][UAGC][UAGC])|(U[UC][UAGC])|(UA[UC])|(UG[UGC]))[0-9][0-9][0-9][0-9]_(fMet|(Pept[0-9][0-9][0-9][0-9]))_(Ala|Arg|Asn|Asp|Cys|Gln|Glu|Gly|His|Ile|Leu|Lys|Met|Phe|Pro|Ser|Thr|Trp|Tyr|Val)tRNA(Ala|Arg|Asn|Asp|Cys|Gln|Glu|Gly|His|Ile|Leu|Lys|fMet|mMet|Phe|Pro|Ser|Thr|Trp|Tyr|Val)[ACGU][ACGU][ACGU]",7
15,elRS70SA(([AGC][UAGC][UAGC])|(U[UC][UAGC])|(UA[UC])|(UG[UGC]))[0-9][0-9][0-9][0-9]_(fMet|(Pept[0-9][0-9][0-9][0-9]))_(Ala|Arg|Asn|Asp|Cys|Gln|Glu|Gly|His|Ile|Leu|Lys|Met|Phe|Pro|Ser|Thr|Trp|Tyr|Val)tRNA(Ala|Arg|Asn|Asp|Cys|Gln|Glu|Gly|His|Ile|Leu|Lys|fMet|mMet|Phe|Pro|Ser|Thr|Trp|Tyr|Val)[ACGU][ACGU][ACGU],elRS70SB(([AGC][UAGC][UAGC])|(U[UC][UAGC])|(UA[UC])|(UG[UGC]))[0-9][0-9][0-9][0-9]_Pept[0-9][0-9][0-9][0-9]tRNA(Ala|Arg|Asn|Asp|Cys|Gln|Glu|Gly|His|Ile|Leu|Lys|fMet|mMet|Phe|Pro|Ser|Thr|Trp|Tyr|Val)[ACGU][ACGU][ACGU],1000
16,elRS70SA(([AGC][UAGC][UAGC])|(U[UC][UAGC])|(UA[UC])|(UG[UGC]))[0-9][0-9][0-9][0-9]_(fMet|(Pept[0-9][0-9][0-9][0-9]))_EFTu_GDP_(Ala|Arg|Asn|Asp|Cys|Gln|Glu|Gly|His|Ile|Leu|Lys|Met|Phe|Pro|Ser|Thr|Trp|Tyr|Val)tRNA(Ala|Arg|Asn|Asp|Cys|Gln|Glu|Gly|His|Ile|Leu|Lys|fMet|mMet|Phe|Pro|Ser|Thr|Trp|Tyr|Val)[ACGU][ACGU][ACGU],"elRS70SA(([AGC][UAGC][UAGC])|(U[UC][UAGC])|(UA[UC])|(UG[UGC]))[0-9][0-9][0-9][0-9]_(fMet|(Pept[0-9][0-9][0-9][0-9]))_EFTu_GDP,(Ala|Arg|Asn|Asp|Cys|Gln|Glu|Gly|His|Ile|Leu|Lys|Met|Phe|Pro|Ser|Thr|Trp|Tyr|Val)tRNA(Ala|Arg|Asn|Asp|Cys|Gln|Glu|Gly|His|Ile|Leu|Lys|fMet|mMet|Phe|Pro|Ser|Thr|Trp|Tyr|Val)[ACGU][ACGU][ACGU]",0
17,elRS70SA(([AGC][UAGC][UAGC])|(U[UC][UAGC])|(UA[UC])|(UG[UGC]))[0-9][0-9][0-9][0-9]_(fMet|(Pept[0-9][0-9][0-9][0-9]))_(Ala|Arg|Asn|Asp|Cys|Gln|Glu|Gly|His|Ile|Leu|Lys|Met|Phe|Pro|Ser|Thr|Trp|Tyr|Val)tRNA(Ala|Arg|Asn|Asp|Cys|Gln|Glu|Gly|His|Ile|Leu|Lys|fMet|mMet|Phe|Pro|Ser|Thr|Trp|Tyr|Val)[ACGU][ACGU][ACGU],"elRS70SA(([AGC][UAGC][UAGC])|(U[UC][UAGC])|(UA[UC])|(UG[UGC]))[0-9][0-9][0-9][0-9]_(fMet|(Pept[0-9][0-9][0-9][0-9])),(Ala|Arg|Asn|Asp|Cys|Gln|Glu|Gly|His|Ile|Leu|Lys|Met|Phe|Pro|Ser|Thr|Trp|Tyr|Val)tRNA(Ala|Arg|Asn|Asp|Cys|Gln|Glu|Gly|His|Ile|Leu|Lys|fMet|mMet|Phe|Pro|Ser|Thr|Trp|Tyr|Val)[ACGU][ACGU][ACGU]",0
18,elRS70SA(([AGC][UAGC][UAGC])|(U[UC][UAGC])|(UA[UC])|(UG[UGC]))[0-9][0-9][0-9][0-9]_(fMet|(Pept[0-9][0-9][0-9][0-9]))_EFTu_GDP,"elRS70SA(([AGC][UAGC][UAGC])|(U[UC][UAGC])|(UA[UC])|(UG[UGC]))[0-9][0-9][0-9][0-9]_(fMet|(Pept[0-9][0-9][0-9][0-9])),EFTu_GDP",1000
19,"elRS70SA(([AGC][UAGC][UAGC])|(U[UC][UAGC])|(UA[UC])|(UG[UGC]))[0-9][0-9][0-9][0-9]_(fMet|(Pept[0-9][0-9][0-9][0-9]))_EFTu_GDP_(Ala|Arg|Asn|Asp|Cys|Gln|Glu|Gly|His|Ile|Leu|Lys|Met|Phe|Pro|Ser|Thr|Trp|Tyr|Val)tRNA(Ala|Arg|Asn|Asp|Cys|Gln|Glu|Gly|His|Ile|Leu|Lys|fMet|mMet|Phe|Pro|Ser|Thr|Trp|Tyr|Val)[ACGU][ACGU][ACGU],PO4",elRS70SA(([AGC][UAGC][UAGC])|(U[UC][UAGC])|(UA[UC])|(UG[UGC]))[0-9][0-9][0-9][0-9]_(fMet|(Pept[0-9][0-9][0-9][0-9]))_EFTu_GDP_PO4_(Ala|Arg|Asn|Asp|Cys|Gln|Glu|Gly|His|Ile|Leu|Lys|Met|Phe|Pro|Ser|Thr|Trp|Tyr|Val)tRNA(Ala|Arg|Asn|Asp|Cys|Gln|Glu|Gly|His|Ile|Leu|Lys|fMet|mMet|Phe|Pro|Ser|Thr|Trp|Tyr|Val)[ACGU][ACGU][ACGU],0
20,"EFTu_GDP,elRS70SA(([AGC][UAGC][UAGC])|(U[UC][UAGC])|(UA[UC])|(UG[UGC]))[0-9][0-9][0-9][0-9]_(fMet|(Pept[0-9][0-9][0-9][0-9]))_(Ala|Arg|Asn|Asp|Cys|Gln|Glu|Gly|His|Ile|Leu|Lys|Met|Phe|Pro|Ser|Thr|Trp|Tyr|Val)tRNA(Ala|Arg|Asn|Asp|Cys|Gln|Glu|Gly|His|Ile|Leu|Lys|fMet|mMet|Phe|Pro|Ser|Thr|Trp|Tyr|Val)[ACGU][ACGU][ACGU]",elRS70SA(([AGC][UAGC][UAGC])|(U[UC][UAGC])|(UA[UC])|(UG[UGC]))[0-9][0-9][0-9][0-9]_(fMet|(Pept[0-9][0-9][0-9][0-9]))_EFTu_GDP_(Ala|Arg|Asn|Asp|Cys|Gln|Glu|Gly|His|Ile|Leu|Lys|Met|Phe|Pro|Ser|Thr|Trp|Tyr|Val)tRNA(Ala|Arg|Asn|Asp|Cys|Gln|Glu|Gly|His|Ile|Leu|Lys|fMet|mMet|Phe|Pro|Ser|Thr|Trp|Tyr|Val)[ACGU][ACGU][ACGU],0
21,elRS70SB(([AGC][UAGC][UAGC])|(U[UC][UAGC])|(UA[UC])|(UG[UGC]))[0-9][0-9][0-9][0-9]_Pept[0-9][0-9][0-9][0-9]tRNA(Ala|Arg|Asn|Asp|Cys|Gln|Glu|Gly|His|Ile|Leu|Lys|fMet|mMet|Phe|Pro|Ser|Thr|Trp|Tyr|Val)[ACGU][ACGU][ACGU],elRS70SA(([AGC][UAGC][UAGC])|(U[UC][UAGC])|(UA[UC])|(UG[UGC]))[0-9][0-9][0-9][0-9]_(fMet|(Pept[0-9][0-9][0-9][0-9]))_(Ala|Arg|Asn|Asp|Cys|Gln|Glu|Gly|His|Ile|Leu|Lys|Met|Phe|Pro|Ser|Thr|Trp|Tyr|Val)tRNA(Ala|Arg|Asn|Asp|Cys|Gln|Glu|Gly|His|Ile|Leu|Lys|fMet|mMet|Phe|Pro|Ser|Thr|Trp|Tyr|Val)[ACGU][ACGU][ACGU],0
22,"elRS70SA(([AGC][UAGC][UAGC])|(U[UC][UAGC])|(UA[UC])|(UG[UGC]))[0-9][0-9][0-9][0-9]_(fMet|(Pept[0-9][0-9][0-9][0-9]))_EFTu_GDP,(Ala|Arg|Asn|Asp|Cys|Gln|Glu|Gly|His|Ile|Leu|Lys|Met|Phe|Pro|Ser|Thr|Trp|Tyr|Val)tRNA(Ala|Arg|Asn|Asp|Cys|Gln|Glu|Gly|His|Ile|Leu|Lys|fMet|mMet|Phe|Pro|Ser|Thr|Trp|Tyr|Val)[ACGU][ACGU][ACGU]",elRS70SA(([AGC][UAGC][UAGC])|(U[UC][UAGC])|(UA[UC])|(UG[UGC]))[0-9][0-9][0-9][0-9]_(fMet|(Pept[0-9][0-9][0-9][0-9]))_EFTu_GDP_(Ala|Arg|Asn|Asp|Cys|Gln|Glu|Gly|His|Ile|Leu|Lys|Met|Phe|Pro|Ser|Thr|Trp|Tyr|Val)tRNA(Ala|Arg|Asn|Asp|Cys|Gln|Glu|Gly|His|Ile|Leu|Lys|fMet|mMet|Phe|Pro|Ser|Thr|Trp|Tyr|Val)[ACGU][ACGU][ACGU],0
23,"elRS70SA(([AGC][UAGC][UAGC])|(U[UC][UAGC])|(UA[UC])|(UG[UGC]))[0-9][0-9][0-9][0-9]_(fMet|(Pept[0-9][0-9][0-9][0-9])),(Ala|Arg|Asn|Asp|Cys|Gln|Glu|Gly|His|Ile|Leu|Lys|Met|Phe|Pro|Ser|Thr|Trp|Tyr|Val)tRNA(Ala|Arg|Asn|Asp|Cys|Gln|Glu|Gly|His|Ile|Leu|Lys|fMet|mMet|Phe|Pro|Ser|Thr|Trp|Tyr|Val)[ACGU][ACGU][ACGU]",elRS70SA(([AGC][UAGC][UAGC])|(U[UC][UAGC])|(UA[UC])|(UG[UGC]))[0-9][0-9][0-9][0-9]_(fMet|(Pept[0-9][0-9][0-9][0-9]))_(Ala|Arg|Asn|Asp|Cys|Gln|Glu|Gly|His|Ile|Leu|Lys|Met|Phe|Pro|Ser|Thr|Trp|Tyr|Val)tRNA(Ala|Arg|Asn|Asp|Cys|Gln|Glu|Gly|His|Ile|Leu|Lys|fMet|mMet|Phe|Pro|Ser|Thr|Trp|Tyr|Val)[ACGU][ACGU][ACGU],0
24,"elRS70SA(([AGC][UAGC][UAGC])|(U[UC][UAGC])|(UA[UC])|(UG[UGC]))[0-9][0-9][0-9][0-9]_(fMet|(Pept[0-9][0-9][0-9][0-9])),EFTu_GDP",elRS70SA(([AGC][UAGC][UAGC])|(U[UC][UAGC])|(UA[UC])|(UG[UGC]))[0-9][0-9][0-9][0-9]_(fMet|(Pept[0-9][0-9][0-9][0-9]))_EFTu_GDP,0
25,"EFTu_GTP_(Ala|Arg|Asn|Asp|Cys|Gln|Glu|Gly|His|Ile|Leu|Lys|Met|Phe|Pro|Ser|Thr|Trp|Tyr|Val)tRNA(fMet|Ala|Arg|Asn|Asp|Cys|Gln|Glu|Gly|His|Ile|Leu|Lys|Phe|Pro|Ser|Thr|Trp|Tyr|Val|mMet)[ACGU][ACGU][ACGU],elRS70SA[ACGU][ACGU][ACGU][0-9][0-9][0-9][0-9]_(fMet|(Pept[0-9][0-9][0-9][0-9]))",elRS70SA[ACGU][ACGU][ACGU][0-9][0-9][0-9][0-9]_(fMet|(Pept[0-9][0-9][0-9][0-9]))_EFTu_GTP_(Ala|Arg|Asn|Asp|Cys|Gln|Glu|Gly|His|Ile|Leu|Lys|Met|Phe|Pro|Ser|Thr|Trp|Tyr|Val)tRNA(fMet|Ala|Arg|Asn|Asp|Cys|Gln|Glu|Gly|His|Ile|Leu|Lys|Phe|Pro|Ser|Thr|Trp|Tyr|Val|mMet)[ACGU][ACGU][ACGU],140
26,elRS70SA[ACGU][ACGU][ACGU][0-9][0-9][0-9][0-9]_(fMet|(Pept[0-9][0-9][0-9][0-9]))_EFTu_GTP_(Ala|Arg|Asn|Asp|Cys|Gln|Glu|Gly|His|Ile|Leu|Lys|Met|Phe|Pro|Ser|Thr|Trp|Tyr|Val)tRNA(fMet|Ala|Arg|Asn|Asp|Cys|Gln|Glu|Gly|His|Ile|Leu|Lys|Phe|Pro|Ser|Thr|Trp|Tyr|Val|mMet)[ACGU][ACGU][ACGU],elRS70SA[ACGU][ACGU][ACGU][0-9][0-9][0-9][0-9]_(fMet|(Pept[0-9][0-9][0-9][0-9]))_EFTu_GDP_PO4_(Ala|Arg|Asn|Asp|Cys|Gln|Glu|Gly|His|Ile|Leu|Lys|Met|Phe|Pro|Ser|Thr|Trp|Tyr|Val)tRNA(fMet|Ala|Arg|Asn|Asp|Cys|Gln|Glu|Gly|His|Ile|Leu|Lys|Phe|Pro|Ser|Thr|Trp|Tyr|Val|mMet)[ACGU][ACGU][ACGU],260
27,elRS70SA[ACGU][ACGU][ACGU][0-9][0-9][0-9][0-9]_(fMet|(Pept[0-9][0-9][0-9][0-9]))_EFTu_GTP_(Ala|Arg|Asn|Asp|Cys|Gln|Glu|Gly|His|Ile|Leu|Lys|Met|Phe|Pro|Ser|Thr|Trp|Tyr|Val)tRNA(fMet|Ala|Arg|Asn|Asp|Cys|Gln|Glu|Gly|His|Ile|Leu|Lys|Phe|Pro|Ser|Thr|Trp|Tyr|Val|mMet)[ACGU][ACGU][ACGU],"EFTu_GTP_(Ala|Arg|Asn|Asp|Cys|Gln|Glu|Gly|His|Ile|Leu|Lys|Met|Phe|Pro|Ser|Thr|Trp|Tyr|Val)tRNA(fMet|Ala|Arg|Asn|Asp|Cys|Gln|Glu|Gly|His|Ile|Leu|Lys|Phe|Pro|Ser|Thr|Trp|Tyr|Val|mMet)[ACGU][ACGU][ACGU],elRS70SA[ACGU][ACGU][ACGU][0-9][0-9][0-9][0-9]_(fMet|(Pept[0-9][0-9][0-9][0-9]))",0.23
28,"(His|Pro|Thr|Ser|Asn|Asp|Lys|Ala|Gly|Phe)RS,(His|Pro|Thr|Ser|Asn|Asp|Lys|Ala|Gly|Phe)",(His|Pro|Thr|Ser|Asn|Asp|Lys|Ala|Gly|Phe)RS_(His|Pro|Thr|Ser|Asn|Asp|Lys|Ala|Gly|Phe),20
29,(His|Pro|Thr|Ser|Asn|Asp|Lys|Ala|Gly|Phe)RS_(His|Pro|Thr|Ser|Asn|Asp|Lys|Ala|Gly|Phe)AMP_PPi,"(His|Pro|Thr|Ser|Asn|Asp|Lys|Ala|Gly|Phe)RS_(His|Pro|Thr|Ser|Asn|Asp|Lys|Ala|Gly|Phe)AMP,PPi",1000
30,(His|Pro|Thr|Ser|Asn|Asp|Lys|Ala|Gly|Phe)RS_(His|Pro|Thr|Ser|Asn|Asp|Lys|Ala|Gly|Phe),"(His|Pro|Thr|Ser|Asn|Asp|Lys|Ala|Gly|Phe)RS,(His|Pro|Thr|Ser|Asn|Asp|Lys|Ala|Gly|Phe)",470
31,"(His|Pro|Thr|Ser|Asn|Asp|Lys|Ala|Gly|Phe)RS,ATP",(His|Pro|Thr|Ser|Asn|Asp|Lys|Ala|Gly|Phe)RS_ATP,10
32,(His|Pro|Thr|Ser|Asn|Asp|Lys|Ala|Gly|Phe)RS_ATP,"(His|Pro|Thr|Ser|Asn|Asp|Lys|Ala|Gly|Phe)RS,ATP",8900
33,"(His|Pro|Thr|Ser|Asn|Asp|Lys|Ala|Gly|Phe)RS_ATP,(His|Pro|Thr|Ser|Asn|Asp|Lys|Ala|Gly|Phe)",(His|Pro|Thr|Ser|Asn|Asp|Lys|Ala|Gly|Phe)RS_(His|Pro|Thr|Ser|Asn|Asp|Lys|Ala|Gly|Phe)_ATP,0.024
34,(His|Pro|Thr|Ser|Asn|Asp|Lys|Ala|Gly|Phe)RS_(His|Pro|Thr|Ser|Asn|Asp|Lys|Ala|Gly|Phe)_ATP,"(His|Pro|Thr|Ser|Asn|Asp|Lys|Ala|Gly|Phe)RS_ATP,(His|Pro|Thr|Ser|Asn|Asp|Lys|Ala|Gly|Phe)",3.2
35,"(His|Pro|Thr|Ser|Asn|Asp|Lys|Ala|Gly|Phe)RS_(His|Pro|Thr|Ser|Asn|Asp|Lys|Ala|Gly|Phe),ATP",(His|Pro|Thr|Ser|Asn|Asp|Lys|Ala|Gly|Phe)RS_(His|Pro|Thr|Ser|Asn|Asp|Lys|Ala|Gly|Phe)_ATP,10
36,(His|Pro|Thr|Ser|Asn|Asp|Lys|Ala|Gly|Phe)RS_(His|Pro|Thr|Ser|Asn|Asp|Lys|Ala|Gly|Phe)_ATP,"(His|Pro|Thr|Ser|Asn|Asp|Lys|Ala|Gly|Phe)RS_(His|Pro|Thr|Ser|Asn|Asp|Lys|Ala|Gly|Phe),ATP",4500
37,(His|Pro|Thr|Ser|Asn|Asp|Lys|Ala|Gly|Phe)RS_(His|Pro|Thr|Ser|Asn|Asp|Lys|Ala|Gly|Phe)_ATP,(His|Pro|Thr|Ser|Asn|Asp|Lys|Ala|Gly|Phe)RS_(His|Pro|Thr|Ser|Asn|Asp|Lys|Ala|Gly|Phe)AMP_PPi,29
38,(His|Pro|Thr|Ser|Asn|Asp|Lys|Ala|Gly|Phe)RS_(His|Pro|Thr|Ser|Asn|Asp|Lys|Ala|Gly|Phe)AMP_PPi,(His|Pro|Thr|Ser|Asn|Asp|Lys|Ala|Gly|Phe)RS_(His|Pro|Thr|Ser|Asn|Asp|Lys|Ala|Gly|Phe)_ATP,47
39,(His|Pro|Thr|Ser|Asn|Asp|Lys|Ala|Gly|Phe)AMP,"(His|Pro|Thr|Ser|Asn|Asp|Lys|Ala|Gly|Phe),AMP",0
40,(His|Pro|Thr|Ser|Asn|Asp|Lys|Ala|Gly|Phe)RS_AMP,"(His|Pro|Thr|Ser|Asn|Asp|Lys|Ala|Gly|Phe)RS,AMP",1000
41,"(His|Pro|Thr|Ser|Asn|Asp|Lys|Ala|Gly|Phe)RS,AMP",(His|Pro|Thr|Ser|Asn|Asp|Lys|Ala|Gly|Phe)RS_AMP,0
42,(His|Pro|Thr|Ser|Asn|Asp|Lys|Ala|Gly|Phe)RS_(His|Pro|Thr|Ser|Asn|Asp|Lys|Ala|Gly|Phe)AMP,"(His|Pro|Thr|Ser|Asn|Asp|Lys|Ala|Gly|Phe)RS,(His|Pro|Thr|Ser|Asn|Asp|Lys|Ala|Gly|Phe)AMP",0.07
43,"(His|Pro|Thr|Ser|Asn|Asp|Lys|Ala|Gly|Phe)RS,(His|Pro|Thr|Ser|Asn|Asp|Lys|Ala|Gly|Phe)AMP",(His|Pro|Thr|Ser|Asn|Asp|Lys|Ala|Gly|Phe)RS_(His|Pro|Thr|Ser|Asn|Asp|Lys|Ala|Gly|Phe)AMP,2.4
44,"(His|Pro|Thr|Ser|Asn|Asp|Lys|Ala|Gly|Phe),AMP",(His|Pro|Thr|Ser|Asn|Asp|Lys|Ala|Gly|Phe)AMP,0
45,"(His|Pro|Thr|Ser|Asn|Asp|Lys|Ala|Gly|Phe)RS_(His|Pro|Thr|Ser|Asn|Asp|Lys|Ala|Gly|Phe)AMP,PPi",(His|Pro|Thr|Ser|Asn|Asp|Lys|Ala|Gly|Phe)RS_(His|Pro|Thr|Ser|Asn|Asp|Lys|Ala|Gly|Phe)AMP_PPi,0
46,"(Arg|Gln|Glu)RS,(Arg|Gln|Glu)",(Arg|Gln|Glu)RS_(Arg|Gln|Glu),5
47,(Arg|Gln|Glu)RS_(Arg|Gln|Glu)AMP_PPi,"(Arg|Gln|Glu)RS_(Arg|Gln|Glu)AMP,PPi",1000
48,(Arg|Gln|Glu)RS_(Arg|Gln|Glu),"(Arg|Gln|Glu)RS,(Arg|Gln|Glu)",350
49,"(Arg|Gln|Glu)RS,ATP",(Arg|Gln|Glu)RS_ATP,10
50,(Arg|Gln|Glu)RS_ATP,"(Arg|Gln|Glu)RS,ATP",2500
51,"(Arg|Gln|Glu)RS_ATP,(Arg|Gln|Glu)",(Arg|Gln|Glu)RS_(Arg|Gln|Glu)_ATP,5
52,(Arg|Gln|Glu)RS_(Arg|Gln|Glu)_ATP,"(Arg|Gln|Glu)RS_ATP,(Arg|Gln|Glu)",350
53,"(Arg|Gln|Glu)RS_(Arg|Gln|Glu),ATP",(Arg|Gln|Glu)RS_(Arg|Gln|Glu)_ATP,10
54,(Arg|Gln|Glu)RS_(Arg|Gln|Glu)_ATP,"(Arg|Gln|Glu)RS_(Arg|Gln|Glu),ATP",2500
55,(Arg|Gln|Glu)RS_(Arg|Gln|Glu)_ATP,(Arg|Gln|Glu)RS_(Arg|Gln|Glu)AMP_PPi,0
56,(Arg|Gln|Glu)RS_(Arg|Gln|Glu)AMP_PPi,(Arg|Gln|Glu)RS_(Arg|Gln|Glu)_ATP,0
57,(Arg|Gln|Glu)AMP,"(Arg|Gln|Glu),AMP",0
58,(Arg|Gln|Glu)RS_AMP,"(Arg|Gln|Glu)RS,AMP",1000
59,"(Arg|Gln|Glu)RS,AMP",(Arg|Gln|Glu)RS_AMP,0
60,(Arg|Gln|Glu)RS_(Arg|Gln|Glu)AMP,"(Arg|Gln|Glu)RS,(Arg|Gln|Glu)AMP",0.07
61,"(Arg|Gln|Glu)RS,(Arg|Gln|Glu)AMP",(Arg|Gln|Glu)RS_(Arg|Gln|Glu)AMP,2.4
62,"(Arg|Gln|Glu),AMP",(Arg|Gln|Glu)AMP,0
63,"(Arg|Gln|Glu)RS_(Arg|Gln|Glu)AMP,PPi",(Arg|Gln|Glu)RS_(Arg|Gln|Glu)AMP_PPi,0
64,"(Cys|Ile|Leu|Met|Val|Trp|Tyr)RS,(Cys|Ile|Leu|Met|Val|Trp|Tyr)",(Cys|Ile|Leu|Met|Val|Trp|Tyr)RS_(Cys|Ile|Leu|Met|Val|Trp|Tyr),5
65,(Cys|Ile|Leu|Met|Val|Trp|Tyr)RS_(Cys|Ile|Leu|Met|Val|Trp|Tyr)AMP_PPi,"(Cys|Ile|Leu|Met|Val|Trp|Tyr)RS_(Cys|Ile|Leu|Met|Val|Trp|Tyr)AMP,PPi",1000
66,(Cys|Ile|Leu|Met|Val|Trp|Tyr)RS_(Cys|Ile|Leu|Met|Val|Trp|Tyr),"(Cys|Ile|Leu|Met|Val|Trp|Tyr)RS,(Cys|Ile|Leu|Met|Val|Trp|Tyr)",350
67,"(Cys|Ile|Leu|Met|Val|Trp|Tyr)RS,ATP",(Cys|Ile|Leu|Met|Val|Trp|Tyr)RS_ATP,10
68,(Cys|Ile|Leu|Met|Val|Trp|Tyr)RS_ATP,"(Cys|Ile|Leu|Met|Val|Trp|Tyr)RS,ATP",2500
69,"(Cys|Ile|Leu|Met|Val|Trp|Tyr)RS_ATP,(Cys|Ile|Leu|Met|Val|Trp|Tyr)",(Cys|Ile|Leu|Met|Val|Trp|Tyr)RS_(Cys|Ile|Leu|Met|Val|Trp|Tyr)_ATP,5
70,(Cys|Ile|Leu|Met|Val|Trp|Tyr)RS_(Cys|Ile|Leu|Met|Val|Trp|Tyr)_ATP,"(Cys|Ile|Leu|Met|Val|Trp|Tyr)RS_ATP,(Cys|Ile|Leu|Met|Val|Trp|Tyr)",350
71,"(Cys|Ile|Leu|Met|Val|Trp|Tyr)RS_(Cys|Ile|Leu|Met|Val|Trp|Tyr),ATP",(Cys|Ile|Leu|Met|Val|Trp|Tyr)RS_(Cys|Ile|Leu|Met|Val|Trp|Tyr)_ATP,10
72,(Cys|Ile|Leu|Met|Val|Trp|Tyr)RS_(Cys|Ile|Leu|Met|Val|Trp|Tyr)_ATP,"(Cys|Ile|Leu|Met|Val|Trp|Tyr)RS_(Cys|Ile|Leu|Met|Val|Trp|Tyr),ATP",2500
73,(Cys|Ile|Leu|Met|Val|Trp|Tyr)RS_(Cys|Ile|Leu|Met|Val|Trp|Tyr)_ATP,(Cys|Ile|Leu|Met|Val|Trp|Tyr)RS_(Cys|Ile|Leu|Met|Val|Trp|Tyr)AMP_PPi,60
74,(Cys|Ile|Leu|Met|Val|Trp|Tyr)RS_(Cys|Ile|Leu|Met|Val|Trp|Tyr)AMP_PPi,(Cys|Ile|Leu|Met|Val|Trp|Tyr)RS_(Cys|Ile|Leu|Met|Val|Trp|Tyr)_ATP,150
75,(Cys|Ile|Leu|Met|Val|Trp|Tyr)AMP,"(Cys|Ile|Leu|Met|Val|Trp|Tyr),AMP",0
76,(Cys|Ile|Leu|Met|Val|Trp|Tyr)RS_AMP,"(Cys|Ile|Leu|Met|Val|Trp|Tyr)RS,AMP",1000
77,"(Cys|Ile|Leu|Met|Val|Trp|Tyr)RS,AMP",(Cys|Ile|Leu|Met|Val|Trp|Tyr)RS_AMP,0
78,(Cys|Ile|Leu|Met|Val|Trp|Tyr)RS_(Cys|Ile|Leu|Met|Val|Trp|Tyr)AMP,"(Cys|Ile|Leu|Met|Val|Trp|Tyr)RS,(Cys|Ile|Leu|Met|Val|Trp|Tyr)AMP",0.07
79,"(Cys|Ile|Leu|Met|Val|Trp|Tyr)RS,(Cys|Ile|Leu|Met|Val|Trp|Tyr)AMP",(Cys|Ile|Leu|Met|Val|Trp|Tyr)RS_(Cys|Ile|Leu|Met|Val|Trp|Tyr)AMP,2.4
80,"(Cys|Ile|Leu|Met|Val|Trp|Tyr),AMP",(Cys|Ile|Leu|Met|Val|Trp|Tyr)AMP,0
81,"(Cys|Ile|Leu|Met|Val|Trp|Tyr)RS_(Cys|Ile|Leu|Met|Val|Trp|Tyr)AMP,PPi",(Cys|Ile|Leu|Met|Val|Trp|Tyr)RS_(Cys|Ile|Leu|Met|Val|Trp|Tyr)AMP_PPi,0
82,(His|Pro|Thr|Ser|Asn|Asp|Lys|Ala|Gly|Phe)tRNA(His|Pro|Thr|Ser|Asn|Asp|Lys|Ala|Gly|Phe)[ACGU][ACGU][ACGU],"tRNA(His|Pro|Thr|Ser|Asn|Asp|Lys|Ala|Gly|Phe)[ACGU][ACGU][ACGU],(His|Pro|Thr|Ser|Asn|Asp|Lys|Ala|Gly|Phe)",0
83,(His|Pro|Thr|Ser|Asn|Asp|Lys|Ala|Gly|Phe)RS_(His|Pro|Thr|Ser|Asn|Asp|Lys|Ala|Gly|Phe)AMP_tRNA(His|Pro|Thr|Ser|Asn|Asp|Lys|Ala|Gly|Phe)[ACGU][ACGU][ACGU],(His|Pro|Thr|Ser|Asn|Asp|Lys|Ala|Gly|Phe)RS_AMP_(His|Pro|Thr|Ser|Asn|Asp|Lys|Ala|Gly|Phe)tRNA(His|Pro|Thr|Ser|Asn|Asp|Lys|Ala|Gly|Phe)[ACGU][ACGU][ACGU],22
84,(His|Pro|Thr|Ser|Asn|Asp|Lys|Ala|Gly|Phe)RS_AMP_(His|Pro|Thr|Ser|Asn|Asp|Lys|Ala|Gly|Phe)tRNA(His|Pro|Thr|Ser|Asn|Asp|Lys|Ala|Gly|Phe)[ACGU][ACGU][ACGU],(His|Pro|Thr|Ser|Asn|Asp|Lys|Ala|Gly|Phe)RS_(His|Pro|Thr|Ser|Asn|Asp|Lys|Ala|Gly|Phe)AMP_tRNA(His|Pro|Thr|Ser|Asn|Asp|Lys|Ala|Gly|Phe)[ACGU][ACGU][ACGU],0
85,(His|Pro|Thr|Ser|Asn|Asp|Lys|Ala|Gly|Phe)RS_AMP_(His|Pro|Thr|Ser|Asn|Asp|Lys|Ala|Gly|Phe)tRNA(His|Pro|Thr|Ser|Asn|Asp|Lys|Ala|Gly|Phe)[ACGU][ACGU][ACGU],"(His|Pro|Thr|Ser|Asn|Asp|Lys|Ala|Gly|Phe)RS_(His|Pro|Thr|Ser|Asn|Asp|Lys|Ala|Gly|Phe)tRNA(His|Pro|Thr|Ser|Asn|Asp|Lys|Ala|Gly|Phe)[ACGU][ACGU][ACGU],AMP",1000
86,"(His|Pro|Thr|Ser|Asn|Asp|Lys|Ala|Gly|Phe)RS_(His|Pro|Thr|Ser|Asn|Asp|Lys|Ala|Gly|Phe)tRNA(His|Pro|Thr|Ser|Asn|Asp|Lys|Ala|Gly|Phe)[ACGU][ACGU][ACGU],AMP",(His|Pro|Thr|Ser|Asn|Asp|Lys|Ala|Gly|Phe)RS_AMP_(His|Pro|Thr|Ser|Asn|Asp|Lys|Ala|Gly|Phe)tRNA(His|Pro|Thr|Ser|Asn|Asp|Lys|Ala|Gly|Phe)[ACGU][ACGU][ACGU],0
87,(His|Pro|Thr|Ser|Asn|Asp|Lys|Ala|Gly|Phe)RS_AMP_(His|Pro|Thr|Ser|Asn|Asp|Lys|Ala|Gly|Phe)tRNA(His|Pro|Thr|Ser|Asn|Asp|Lys|Ala|Gly|Phe)[ACGU][ACGU][ACGU],"(His|Pro|Thr|Ser|Asn|Asp|Lys|Ala|Gly|Phe)tRNA(His|Pro|Thr|Ser|Asn|Asp|Lys|Ala|Gly|Phe)[ACGU][ACGU][ACGU],(His|Pro|Thr|Ser|Asn|Asp|Lys|Ala|Gly|Phe)RS_AMP",353
88,"(His|Pro|Thr|Ser|Asn|Asp|Lys|Ala|Gly|Phe)RS_AMP,(His|Pro|Thr|Ser|Asn|Asp|Lys|Ala|Gly|Phe)tRNA(His|Pro|Thr|Ser|Asn|Asp|Lys|Ala|Gly|Phe)[ACGU][ACGU][ACGU]",(His|Pro|Thr|Ser|Asn|Asp|Lys|Ala|Gly|Phe)RS_AMP_(His|Pro|Thr|Ser|Asn|Asp|Lys|Ala|Gly|Phe)tRNA(His|Pro|Thr|Ser|Asn|Asp|Lys|Ala|Gly|Phe)[ACGU][ACGU][ACGU],100
89,(His|Pro|Thr|Ser|Asn|Asp|Lys|Ala|Gly|Phe)RS_(His|Pro|Thr|Ser|Asn|Asp|Lys|Ala|Gly|Phe)tRNA(His|Pro|Thr|Ser|Asn|Asp|Lys|Ala|Gly|Phe)[ACGU][ACGU][ACGU],"(His|Pro|Thr|Ser|Asn|Asp|Lys|Ala|Gly|Phe)RS,(His|Pro|Thr|Ser|Asn|Asp|Lys|Ala|Gly|Phe)tRNA(His|Pro|Thr|Ser|Asn|Asp|Lys|Ala|Gly|Phe)[ACGU][ACGU][ACGU]",353
90,"(His|Pro|Thr|Ser|Asn|Asp|Lys|Ala|Gly|Phe)RS,(His|Pro|Thr|Ser|Asn|Asp|Lys|Ala|Gly|Phe)tRNA(His|Pro|Thr|Ser|Asn|Asp|Lys|Ala|Gly|Phe)[ACGU][ACGU][ACGU]",(His|Pro|Thr|Ser|Asn|Asp|Lys|Ala|Gly|Phe)RS_(His|Pro|Thr|Ser|Asn|Asp|Lys|Ala|Gly|Phe)tRNA(His|Pro|Thr|Ser|Asn|Asp|Lys|Ala|Gly|Phe)[ACGU][ACGU][ACGU],100
91,"(His|Pro|Thr|Ser|Asn|Asp|Lys|Ala|Gly|Phe)RS_tRNA(His|Pro|Thr|Ser|Asn|Asp|Lys|Ala|Gly|Phe)[ACGU][ACGU][ACGU],(His|Pro|Thr|Ser|Asn|Asp|Lys|Ala|Gly|Phe)",(His|Pro|Thr|Ser|Asn|Asp|Lys|Ala|Gly|Phe)RS_(His|Pro|Thr|Ser|Asn|Asp|Lys|Ala|Gly|Phe)_tRNA(His|Pro|Thr|Ser|Asn|Asp|Lys|Ala|Gly|Phe)[ACGU][ACGU][ACGU],20
92,(His|Pro|Thr|Ser|Asn|Asp|Lys|Ala|Gly|Phe)RS_(His|Pro|Thr|Ser|Asn|Asp|Lys|Ala|Gly|Phe)AMP_PPi_tRNA(His|Pro|Thr|Ser|Asn|Asp|Lys|Ala|Gly|Phe)[ACGU][ACGU][ACGU],"(His|Pro|Thr|Ser|Asn|Asp|Lys|Ala|Gly|Phe)RS_(His|Pro|Thr|Ser|Asn|Asp|Lys|Ala|Gly|Phe)AMP_tRNA(His|Pro|Thr|Ser|Asn|Asp|Lys|Ala|Gly|Phe)[ACGU][ACGU][ACGU],PPi",1000
93,(His|Pro|Thr|Ser|Asn|Asp|Lys|Ala|Gly|Phe)RS_(His|Pro|Thr|Ser|Asn|Asp|Lys|Ala|Gly|Phe)_tRNA(His|Pro|Thr|Ser|Asn|Asp|Lys|Ala|Gly|Phe)[ACGU][ACGU][ACGU],"(His|Pro|Thr|Ser|Asn|Asp|Lys|Ala|Gly|Phe)RS_tRNA(His|Pro|Thr|Ser|Asn|Asp|Lys|Ala|Gly|Phe)[ACGU][ACGU][ACGU],(His|Pro|Thr|Ser|Asn|Asp|Lys|Ala|Gly|Phe)",470
94,"(His|Pro|Thr|Ser|Asn|Asp|Lys|Ala|Gly|Phe)RS_tRNA(His|Pro|Thr|Ser|Asn|Asp|Lys|Ala|Gly|Phe)[ACGU][ACGU][ACGU],ATP",(His|Pro|Thr|Ser|Asn|Asp|Lys|Ala|Gly|Phe)RS_ATP_tRNA(His|Pro|Thr|Ser|Asn|Asp|Lys|Ala|Gly|Phe)[ACGU][ACGU][ACGU],10
95,(His|Pro|Thr|Ser|Asn|Asp|Lys|Ala|Gly|Phe)RS_ATP_tRNA(His|Pro|Thr|Ser|Asn|Asp|Lys|Ala|Gly|Phe)[ACGU][ACGU][ACGU],"(His|Pro|Thr|Ser|Asn|Asp|Lys|Ala|Gly|Phe)RS_tRNA(His|Pro|Thr|Ser|Asn|Asp|Lys|Ala|Gly|Phe)[ACGU][ACGU][ACGU],ATP",8900
96,"(His|Pro|Thr|Ser|Asn|Asp|Lys|Ala|Gly|Phe)RS_ATP_tRNA(His|Pro|Thr|Ser|Asn|Asp|Lys|Ala|Gly|Phe)[ACGU][ACGU][ACGU],(His|Pro|Thr|Ser|Asn|Asp|Lys|Ala|Gly|Phe)",(His|Pro|Thr|Ser|Asn|Asp|Lys|Ala|Gly|Phe)RS_(His|Pro|Thr|Ser|Asn|Asp|Lys|Ala|Gly|Phe)_ATP_tRNA(His|Pro|Thr|Ser|Asn|Asp|Lys|Ala|Gly|Phe)[ACGU][ACGU][ACGU],0.024
97,(His|Pro|Thr|Ser|Asn|Asp|Lys|Ala|Gly|Phe)RS_(His|Pro|Thr|Ser|Asn|Asp|Lys|Ala|Gly|Phe)_ATP_tRNA(His|Pro|Thr|Ser|Asn|Asp|Lys|Ala|Gly|Phe)[ACGU][ACGU][ACGU],"(His|Pro|Thr|Ser|Asn|Asp|Lys|Ala|Gly|Phe)RS_ATP_tRNA(His|Pro|Thr|Ser|Asn|Asp|Lys|Ala|Gly|Phe)[ACGU][ACGU][ACGU],(His|Pro|Thr|Ser|Asn|Asp|Lys|Ala|Gly|Phe)",3.2
98,"(His|Pro|Thr|Ser|Asn|Asp|Lys|Ala|Gly|Phe)RS_(His|Pro|Thr|Ser|Asn|Asp|Lys|Ala|Gly|Phe)_tRNA(His|Pro|Thr|Ser|Asn|Asp|Lys|Ala|Gly|Phe)[ACGU][ACGU][ACGU],ATP",(His|Pro|Thr|Ser|Asn|Asp|Lys|Ala|Gly|Phe)RS_(His|Pro|Thr|Ser|Asn|Asp|Lys|Ala|Gly|Phe)_ATP_tRNA(His|Pro|Thr|Ser|Asn|Asp|Lys|Ala|Gly|Phe)[ACGU][ACGU][ACGU],10
99,(His|Pro|Thr|Ser|Asn|Asp|Lys|Ala|Gly|Phe)RS_(His|Pro|Thr|Ser|Asn|Asp|Lys|Ala|Gly|Phe)_ATP_tRNA(His|Pro|Thr|Ser|Asn|Asp|Lys|Ala|Gly|Phe)[ACGU][ACGU][ACGU],"(His|Pro|Thr|Ser|Asn|Asp|Lys|Ala|Gly|Phe)RS_(His|Pro|Thr|Ser|Asn|Asp|Lys|Ala|Gly|Phe)_tRNA(His|Pro|Thr|Ser|Asn|Asp|Lys|Ala|Gly|Phe)[ACGU][ACGU][ACGU],ATP",4500
100,(His|Pro|Thr|Ser|Asn|Asp|Lys|Ala|Gly|Phe)RS_(His|Pro|Thr|Ser|Asn|Asp|Lys|Ala|Gly|Phe)_ATP_tRNA(His|Pro|Thr|Ser|Asn|Asp|Lys|Ala|Gly|Phe)[ACGU][ACGU][ACGU],(His|Pro|Thr|Ser|Asn|Asp|Lys|Ala|Gly|Phe)RS_(His|Pro|Thr|Ser|Asn|Asp|Lys|Ala|Gly|Phe)AMP_PPi_tRNA(His|Pro|Thr|Ser|Asn|Asp|Lys|Ala|Gly|Phe)[ACGU][ACGU][ACGU],2
101,(His|Pro|Thr|Ser|Asn|Asp|Lys|Ala|Gly|Phe)RS_(His|Pro|Thr|Ser|Asn|Asp|Lys|Ala|Gly|Phe)AMP_PPi_tRNA(His|Pro|Thr|Ser|Asn|Asp|Lys|Ala|Gly|Phe)[ACGU][ACGU][ACGU],(His|Pro|Thr|Ser|Asn|Asp|Lys|Ala|Gly|Phe)RS_(His|Pro|Thr|Ser|Asn|Asp|Lys|Ala|Gly|Phe)_ATP_tRNA(His|Pro|Thr|Ser|Asn|Asp|Lys|Ala|Gly|Phe)[ACGU][ACGU][ACGU],0
102,"(His|Pro|Thr|Ser|Asn|Asp|Lys|Ala|Gly|Phe)RS,tRNA(His|Pro|Thr|Ser|Asn|Asp|Lys|Ala|Gly|Phe)[ACGU][ACGU][ACGU]",(His|Pro|Thr|Ser|Asn|Asp|Lys|Ala|Gly|Phe)RS_tRNA(His|Pro|Thr|Ser|Asn|Asp|Lys|Ala|Gly|Phe)[ACGU][ACGU][ACGU],376
103,"(His|Pro|Thr|Ser|Asn|Asp|Lys|Ala|Gly|Phe)RS_(His|Pro|Thr|Ser|Asn|Asp|Lys|Ala|Gly|Phe),tRNA(His|Pro|Thr|Ser|Asn|Asp|Lys|Ala|Gly|Phe)[ACGU][ACGU][ACGU]",(His|Pro|Thr|Ser|Asn|Asp|Lys|Ala|Gly|Phe)RS_(His|Pro|Thr|Ser|Asn|Asp|Lys|Ala|Gly|Phe)_tRNA(His|Pro|Thr|Ser|Asn|Asp|Lys|Ala|Gly|Phe)[ACGU][ACGU][ACGU],376
104,(His|Pro|Thr|Ser|Asn|Asp|Lys|Ala|Gly|Phe)RS_tRNA(His|Pro|Thr|Ser|Asn|Asp|Lys|Ala|Gly|Phe)[ACGU][ACGU][ACGU],"(His|Pro|Thr|Ser|Asn|Asp|Lys|Ala|Gly|Phe)RS,tRNA(His|Pro|Thr|Ser|Asn|Asp|Lys|Ala|Gly|Phe)[ACGU][ACGU][ACGU]",100
105,(His|Pro|Thr|Ser|Asn|Asp|Lys|Ala|Gly|Phe)RS_(His|Pro|Thr|Ser|Asn|Asp|Lys|Ala|Gly|Phe)_tRNA(His|Pro|Thr|Ser|Asn|Asp|Lys|Ala|Gly|Phe)[ACGU][ACGU][ACGU],"(His|Pro|Thr|Ser|Asn|Asp|Lys|Ala|Gly|Phe)RS_(His|Pro|Thr|Ser|Asn|Asp|Lys|Ala|Gly|Phe),tRNA(His|Pro|Thr|Ser|Asn|Asp|Lys|Ala|Gly|Phe)[ACGU][ACGU][ACGU]",100
106,"(His|Pro|Thr|Ser|Asn|Asp|Lys|Ala|Gly|Phe)RS_ATP,tRNA(His|Pro|Thr|Ser|Asn|Asp|Lys|Ala|Gly|Phe)[ACGU][ACGU][ACGU]",(His|Pro|Thr|Ser|Asn|Asp|Lys|Ala|Gly|Phe)RS_ATP_tRNA(His|Pro|Thr|Ser|Asn|Asp|Lys|Ala|Gly|Phe)[ACGU][ACGU][ACGU],376
107,(His|Pro|Thr|Ser|Asn|Asp|Lys|Ala|Gly|Phe)RS_ATP_tRNA(His|Pro|Thr|Ser|Asn|Asp|Lys|Ala|Gly|Phe)[ACGU][ACGU][ACGU],"(His|Pro|Thr|Ser|Asn|Asp|Lys|Ala|Gly|Phe)RS_ATP,tRNA(His|Pro|Thr|Ser|Asn|Asp|Lys|Ala|Gly|Phe)[ACGU][ACGU][ACGU]",100
108,"(His|Pro|Thr|Ser|Asn|Asp|Lys|Ala|Gly|Phe)RS_(His|Pro|Thr|Ser|Asn|Asp|Lys|Ala|Gly|Phe)_ATP,tRNA(His|Pro|Thr|Ser|Asn|Asp|Lys|Ala|Gly|Phe)[ACGU][ACGU][ACGU]",(His|Pro|Thr|Ser|Asn|Asp|Lys|Ala|Gly|Phe)RS_(His|Pro|Thr|Ser|Asn|Asp|Lys|Ala|Gly|Phe)_ATP_tRNA(His|Pro|Thr|Ser|Asn|Asp|Lys|Ala|Gly|Phe)[ACGU][ACGU][ACGU],376
109,(His|Pro|Thr|Ser|Asn|Asp|Lys|Ala|Gly|Phe)RS_(His|Pro|Thr|Ser|Asn|Asp|Lys|Ala|Gly|Phe)_ATP_tRNA(His|Pro|Thr|Ser|Asn|Asp|Lys|Ala|Gly|Phe)[ACGU][ACGU][ACGU],"(His|Pro|Thr|Ser|Asn|Asp|Lys|Ala|Gly|Phe)RS_(His|Pro|Thr|Ser|Asn|Asp|Lys|Ala|Gly|Phe)_ATP,tRNA(His|Pro|Thr|Ser|Asn|Asp|Lys|Ala|Gly|Phe)[ACGU][ACGU][ACGU]",100
110,"(His|Pro|Thr|Ser|Asn|Asp|Lys|Ala|Gly|Phe)RS_(His|Pro|Thr|Ser|Asn|Asp|Lys|Ala|Gly|Phe)AMP_PPi,tRNA(His|Pro|Thr|Ser|Asn|Asp|Lys|Ala|Gly|Phe)[ACGU][ACGU][ACGU]",(His|Pro|Thr|Ser|Asn|Asp|Lys|Ala|Gly|Phe)RS_(His|Pro|Thr|Ser|Asn|Asp|Lys|Ala|Gly|Phe)AMP_PPi_tRNA(His|Pro|Thr|Ser|Asn|Asp|Lys|Ala|Gly|Phe)[ACGU][ACGU][ACGU],353
111,(His|Pro|Thr|Ser|Asn|Asp|Lys|Ala|Gly|Phe)RS_(His|Pro|Thr|Ser|Asn|Asp|Lys|Ala|Gly|Phe)AMP_PPi_tRNA(His|Pro|Thr|Ser|Asn|Asp|Lys|Ala|Gly|Phe)[ACGU][ACGU][ACGU],"(His|Pro|Thr|Ser|Asn|Asp|Lys|Ala|Gly|Phe)RS_(His|Pro|Thr|Ser|Asn|Asp|Lys|Ala|Gly|Phe)AMP_PPi,tRNA(His|Pro|Thr|Ser|Asn|Asp|Lys|Ala|Gly|Phe)[ACGU][ACGU][ACGU]",100
112,"(His|Pro|Thr|Ser|Asn|Asp|Lys|Ala|Gly|Phe)RS_(His|Pro|Thr|Ser|Asn|Asp|Lys|Ala|Gly|Phe)AMP,tRNA(His|Pro|Thr|Ser|Asn|Asp|Lys|Ala|Gly|Phe)[ACGU][ACGU][ACGU]",(His|Pro|Thr|Ser|Asn|Asp|Lys|Ala|Gly|Phe)RS_(His|Pro|Thr|Ser|Asn|Asp|Lys|Ala|Gly|Phe)AMP_tRNA(His|Pro|Thr|Ser|Asn|Asp|Lys|Ala|Gly|Phe)[ACGU][ACGU][ACGU],353
113,(His|Pro|Thr|Ser|Asn|Asp|Lys|Ala|Gly|Phe)RS_(His|Pro|Thr|Ser|Asn|Asp|Lys|Ala|Gly|Phe)AMP_tRNA(His|Pro|Thr|Ser|Asn|Asp|Lys|Ala|Gly|Phe)[ACGU][ACGU][ACGU],"(His|Pro|Thr|Ser|Asn|Asp|Lys|Ala|Gly|Phe)RS_(His|Pro|Thr|Ser|Asn|Asp|Lys|Ala|Gly|Phe)AMP,tRNA(His|Pro|Thr|Ser|Asn|Asp|Lys|Ala|Gly|Phe)[ACGU][ACGU][ACGU]",100
114,"tRNA(His|Pro|Thr|Ser|Asn|Asp|Lys|Ala|Gly|Phe)[ACGU][ACGU][ACGU],(His|Pro|Thr|Ser|Asn|Asp|Lys|Ala|Gly|Phe)",(His|Pro|Thr|Ser|Asn|Asp|Lys|Ala|Gly|Phe)tRNA(His|Pro|Thr|Ser|Asn|Asp|Lys|Ala|Gly|Phe)[ACGU][ACGU][ACGU],0
115,"(His|Pro|Thr|Ser|Asn|Asp|Lys|Ala|Gly|Phe)RS_(His|Pro|Thr|Ser|Asn|Asp|Lys|Ala|Gly|Phe)AMP_tRNA(His|Pro|Thr|Ser|Asn|Asp|Lys|Ala|Gly|Phe)[ACGU][ACGU][ACGU],PPi",(His|Pro|Thr|Ser|Asn|Asp|Lys|Ala|Gly|Phe)RS_(His|Pro|Thr|Ser|Asn|Asp|Lys|Ala|Gly|Phe)AMP_PPi_tRNA(His|Pro|Thr|Ser|Asn|Asp|Lys|Ala|Gly|Phe)[ACGU][ACGU][ACGU],0
116,(Arg|Cys|Ile|Leu|Met|Val|Gln|Glu|Trp|Tyr)tRNA(Arg|Cys|Ile|Leu|mMet|fMet|Val|Gln|Glu|Trp|Tyr)[ACGU][ACGU][ACGU],"tRNA(Arg|Cys|Ile|Leu|mMet|fMet|Val|Gln|Glu|Trp|Tyr)[ACGU][ACGU][ACGU],(Arg|Cys|Ile|Leu|Met|Val|Gln|Glu|Trp|Tyr)",0
117,(Arg|Cys|Ile|Leu|Met|Val|Gln|Glu|Trp|Tyr)RS_(Arg|Cys|Ile|Leu|Met|Val|Gln|Glu|Trp|Tyr)AMP_tRNA(Arg|Cys|Ile|Leu|mMet|fMet|Val|Gln|Glu|Trp|Tyr)[ACGU][ACGU][ACGU],(Arg|Cys|Ile|Leu|Met|Val|Gln|Glu|Trp|Tyr)RS_AMP_(Arg|Cys|Ile|Leu|Met|Val|Gln|Glu|Trp|Tyr)tRNA(Arg|Cys|Ile|Leu|mMet|fMet|Val|Gln|Glu|Trp|Tyr)[ACGU][ACGU][ACGU],13.7
118,(Arg|Cys|Ile|Leu|Met|Val|Gln|Glu|Trp|Tyr)RS_AMP_(Arg|Cys|Ile|Leu|Met|Val|Gln|Glu|Trp|Tyr)tRNA(Arg|Cys|Ile|Leu|mMet|fMet|Val|Gln|Glu|Trp|Tyr)[ACGU][ACGU][ACGU],(Arg|Cys|Ile|Leu|Met|Val|Gln|Glu|Trp|Tyr)RS_(Arg|Cys|Ile|Leu|Met|Val|Gln|Glu|Trp|Tyr)AMP_tRNA(Arg|Cys|Ile|Leu|mMet|fMet|Val|Gln|Glu|Trp|Tyr)[ACGU][ACGU][ACGU],0
119,(Arg|Cys|Ile|Leu|Met|Val|Gln|Glu|Trp|Tyr)RS_AMP_(Arg|Cys|Ile|Leu|Met|Val|Gln|Glu|Trp|Tyr)tRNA(Arg|Cys|Ile|Leu|mMet|fMet|Val|Gln|Glu|Trp|Tyr)[ACGU][ACGU][ACGU],"(Arg|Cys|Ile|Leu|Met|Val|Gln|Glu|Trp|Tyr)RS_(Arg|Cys|Ile|Leu|Met|Val|Gln|Glu|Trp|Tyr)tRNA(Arg|Cys|Ile|Leu|mMet|fMet|Val|Gln|Glu|Trp|Tyr)[ACGU][ACGU][ACGU],AMP",1000
120,"(Arg|Cys|Ile|Leu|Met|Val|Gln|Glu|Trp|Tyr)RS_(Arg|Cys|Ile|Leu|Met|Val|Gln|Glu|Trp|Tyr)tRNA(Arg|Cys|Ile|Leu|mMet|fMet|Val|Gln|Glu|Trp|Tyr)[ACGU][ACGU][ACGU],AMP",(Arg|Cys|Ile|Leu|Met|Val|Gln|Glu|Trp|Tyr)RS_AMP_(Arg|Cys|Ile|Leu|Met|Val|Gln|Glu|Trp|Tyr)tRNA(Arg|Cys|Ile|Leu|mMet|fMet|Val|Gln|Glu|Trp|Tyr)[ACGU][ACGU][ACGU],0
121,(Arg|Cys|Ile|Leu|Met|Val|Gln|Glu|Trp|Tyr)RS_AMP_(Arg|Cys|Ile|Leu|Met|Val|Gln|Glu|Trp|Tyr)tRNA(Arg|Cys|Ile|Leu|mMet|fMet|Val|Gln|Glu|Trp|Tyr)[ACGU][ACGU][ACGU],"(Arg|Cys|Ile|Leu|Met|Val|Gln|Glu|Trp|Tyr)tRNA(Arg|Cys|Ile|Leu|mMet|fMet|Val|Gln|Glu|Trp|Tyr)[ACGU][ACGU][ACGU],(Arg|Cys|Ile|Leu|Met|Val|Gln|Glu|Trp|Tyr)RS_AMP",1.685
122,"(Arg|Cys|Ile|Leu|Met|Val|Gln|Glu|Trp|Tyr)RS_AMP,(Arg|Cys|Ile|Leu|Met|Val|Gln|Glu|Trp|Tyr)tRNA(Arg|Cys|Ile|Leu|mMet|fMet|Val|Gln|Glu|Trp|Tyr)[ACGU][ACGU][ACGU]",(Arg|Cys|Ile|Leu|Met|Val|Gln|Glu|Trp|Tyr)RS_AMP_(Arg|Cys|Ile|Leu|Met|Val|Gln|Glu|Trp|Tyr)tRNA(Arg|Cys|Ile|Leu|mMet|fMet|Val|Gln|Glu|Trp|Tyr)[ACGU][ACGU][ACGU],5.6
123,(Arg|Cys|Ile|Leu|Met|Val|Gln|Glu|Trp|Tyr)RS_(Arg|Cys|Ile|Leu|Met|Val|Gln|Glu|Trp|Tyr)tRNA(Arg|Cys|Ile|Leu|mMet|fMet|Val|Gln|Glu|Trp|Tyr)[ACGU][ACGU][ACGU],"(Arg|Cys|Ile|Leu|Met|Val|Gln|Glu|Trp|Tyr)RS,(Arg|Cys|Ile|Leu|Met|Val|Gln|Glu|Trp|Tyr)tRNA(Arg|Cys|Ile|Leu|mMet|fMet|Val|Gln|Glu|Trp|Tyr)[ACGU][ACGU][ACGU]",1.685
124,"(Arg|Cys|Ile|Leu|Met|Val|Gln|Glu|Trp|Tyr)RS,(Arg|Cys|Ile|Leu|Met|Val|Gln|Glu|Trp|Tyr)tRNA(Arg|Cys|Ile|Leu|mMet|fMet|Val|Gln|Glu|Trp|Tyr)[ACGU][ACGU][ACGU]",(Arg|Cys|Ile|Leu|Met|Val|Gln|Glu|Trp|Tyr)RS_(Arg|Cys|Ile|Leu|Met|Val|Gln|Glu|Trp|Tyr)tRNA(Arg|Cys|Ile|Leu|mMet|fMet|Val|Gln|Glu|Trp|Tyr)[ACGU][ACGU][ACGU],5.6
125,"(Arg|Cys|Ile|Leu|Met|Val|Gln|Glu|Trp|Tyr)RS_tRNA(Arg|Cys|Ile|Leu|mMet|fMet|Val|Gln|Glu|Trp|Tyr)[ACGU][ACGU][ACGU],(Arg|Cys|Ile|Leu|Met|Val|Gln|Glu|Trp|Tyr)",(Arg|Cys|Ile|Leu|Met|Val|Gln|Glu|Trp|Tyr)RS_(Arg|Cys|Ile|Leu|Met|Val|Gln|Glu|Trp|Tyr)_tRNA(Arg|Cys|Ile|Leu|mMet|fMet|Val|Gln|Glu|Trp|Tyr)[ACGU][ACGU][ACGU],5
126,(Arg|Cys|Ile|Leu|Met|Val|Gln|Glu|Trp|Tyr)RS_(Arg|Cys|Ile|Leu|Met|Val|Gln|Glu|Trp|Tyr)AMP_PPi_tRNA(Arg|Cys|Ile|Leu|mMet|fMet|Val|Gln|Glu|Trp|Tyr)[ACGU][ACGU][ACGU],"(Arg|Cys|Ile|Leu|Met|Val|Gln|Glu|Trp|Tyr)RS_(Arg|Cys|Ile|Leu|Met|Val|Gln|Glu|Trp|Tyr)AMP_tRNA(Arg|Cys|Ile|Leu|mMet|fMet|Val|Gln|Glu|Trp|Tyr)[ACGU][ACGU][ACGU],PPi",1000
127,(Arg|Cys|Ile|Leu|Met|Val|Gln|Glu|Trp|Tyr)RS_(Arg|Cys|Ile|Leu|Met|Val|Gln|Glu|Trp|Tyr)_tRNA(Arg|Cys|Ile|Leu|mMet|fMet|Val|Gln|Glu|Trp|Tyr)[ACGU][ACGU][ACGU],"(Arg|Cys|Ile|Leu|Met|Val|Gln|Glu|Trp|Tyr)RS_tRNA(Arg|Cys|Ile|Leu|mMet|fMet|Val|Gln|Glu|Trp|Tyr)[ACGU][ACGU][ACGU],(Arg|Cys|Ile|Leu|Met|Val|Gln|Glu|Trp|Tyr)",350
128,"(Arg|Cys|Ile|Leu|Met|Val|Gln|Glu|Trp|Tyr)RS_tRNA(Arg|Cys|Ile|Leu|mMet|fMet|Val|Gln|Glu|Trp|Tyr)[ACGU][ACGU][ACGU],ATP",(Arg|Cys|Ile|Leu|Met|Val|Gln|Glu|Trp|Tyr)RS_ATP_tRNA(Arg|Cys|Ile|Leu|mMet|fMet|Val|Gln|Glu|Trp|Tyr)[ACGU][ACGU][ACGU],10
129,(Arg|Cys|Ile|Leu|Met|Val|Gln|Glu|Trp|Tyr)RS_ATP_tRNA(Arg|Cys|Ile|Leu|mMet|fMet|Val|Gln|Glu|Trp|Tyr)[ACGU][ACGU][ACGU],"(Arg|Cys|Ile|Leu|Met|Val|Gln|Glu|Trp|Tyr)RS_tRNA(Arg|Cys|Ile|Leu|mMet|fMet|Val|Gln|Glu|Trp|Tyr)[ACGU][ACGU][ACGU],ATP",2500
130,"(Arg|Cys|Ile|Leu|Met|Val|Gln|Glu|Trp|Tyr)RS_ATP_tRNA(Arg|Cys|Ile|Leu|mMet|fMet|Val|Gln|Glu|Trp|Tyr)[ACGU][ACGU][ACGU],(Arg|Cys|Ile|Leu|Met|Val|Gln|Glu|Trp|Tyr)",(Arg|Cys|Ile|Leu|Met|Val|Gln|Glu|Trp|Tyr)RS_(Arg|Cys|Ile|Leu|Met|Val|Gln|Glu|Trp|Tyr)_ATP_tRNA(Arg|Cys|Ile|Leu|mMet|fMet|Val|Gln|Glu|Trp|Tyr)[ACGU][ACGU][ACGU],5
131,(Arg|Cys|Ile|Leu|Met|Val|Gln|Glu|Trp|Tyr)RS_(Arg|Cys|Ile|Leu|Met|Val|Gln|Glu|Trp|Tyr)_ATP_tRNA(Arg|Cys|Ile|Leu|mMet|fMet|Val|Gln|Glu|Trp|Tyr)[ACGU][ACGU][ACGU],"(Arg|Cys|Ile|Leu|Met|Val|Gln|Glu|Trp|Tyr)RS_ATP_tRNA(Arg|Cys|Ile|Leu|mMet|fMet|Val|Gln|Glu|Trp|Tyr)[ACGU][ACGU][ACGU],(Arg|Cys|Ile|Leu|Met|Val|Gln|Glu|Trp|Tyr)",350
132,"(Arg|Cys|Ile|Leu|Met|Val|Gln|Glu|Trp|Tyr)RS_(Arg|Cys|Ile|Leu|Met|Val|Gln|Glu|Trp|Tyr)_tRNA(Arg|Cys|Ile|Leu|mMet|fMet|Val|Gln|Glu|Trp|Tyr)[ACGU][ACGU][ACGU],ATP",(Arg|Cys|Ile|Leu|Met|Val|Gln|Glu|Trp|Tyr)RS_(Arg|Cys|Ile|Leu|Met|Val|Gln|Glu|Trp|Tyr)_ATP_tRNA(Arg|Cys|Ile|Leu|mMet|fMet|Val|Gln|Glu|Trp|Tyr)[ACGU][ACGU][ACGU],10
133,(Arg|Cys|Ile|Leu|Met|Val|Gln|Glu|Trp|Tyr)RS_(Arg|Cys|Ile|Leu|Met|Val|Gln|Glu|Trp|Tyr)_ATP_tRNA(Arg|Cys|Ile|Leu|mMet|fMet|Val|Gln|Glu|Trp|Tyr)[ACGU][ACGU][ACGU],"(Arg|Cys|Ile|Leu|Met|Val|Gln|Glu|Trp|Tyr)RS_(Arg|Cys|Ile|Leu|Met|Val|Gln|Glu|Trp|Tyr)_tRNA(Arg|Cys|Ile|Leu|mMet|fMet|Val|Gln|Glu|Trp|Tyr)[ACGU][ACGU][ACGU],ATP",2500
134,(Arg|Cys|Ile|Leu|Met|Val|Gln|Glu|Trp|Tyr)RS_(Arg|Cys|Ile|Leu|Met|Val|Gln|Glu|Trp|Tyr)_ATP_tRNA(Arg|Cys|Ile|Leu|mMet|fMet|Val|Gln|Glu|Trp|Tyr)[ACGU][ACGU][ACGU],(Arg|Cys|Ile|Leu|Met|Val|Gln|Glu|Trp|Tyr)RS_(Arg|Cys|Ile|Leu|Met|Val|Gln|Glu|Trp|Tyr)AMP_PPi_tRNA(Arg|Cys|Ile|Leu|mMet|fMet|Val|Gln|Glu|Trp|Tyr)[ACGU][ACGU][ACGU],200
135,(Arg|Cys|Ile|Leu|Met|Val|Gln|Glu|Trp|Tyr)RS_(Arg|Cys|Ile|Leu|Met|Val|Gln|Glu|Trp|Tyr)AMP_PPi_tRNA(Arg|Cys|Ile|Leu|mMet|fMet|Val|Gln|Glu|Trp|Tyr)[ACGU][ACGU][ACGU],(Arg|Cys|Ile|Leu|Met|Val|Gln|Glu|Trp|Tyr)RS_(Arg|Cys|Ile|Leu|Met|Val|Gln|Glu|Trp|Tyr)_ATP_tRNA(Arg|Cys|Ile|Leu|mMet|fMet|Val|Gln|Glu|Trp|Tyr)[ACGU][ACGU][ACGU],0
136,"(Arg|Cys|Ile|Leu|Met|Val|Gln|Glu|Trp|Tyr)RS,tRNA(Arg|Cys|Ile|Leu|mMet|fMet|Val|Gln|Glu|Trp|Tyr)[ACGU][ACGU][ACGU]",(Arg|Cys|Ile|Leu|Met|Val|Gln|Glu|Trp|Tyr)RS_tRNA(Arg|Cys|Ile|Leu|mMet|fMet|Val|Gln|Glu|Trp|Tyr)[ACGU][ACGU][ACGU],50
137,"(Arg|Cys|Ile|Leu|Met|Val|Gln|Glu|Trp|Tyr)RS_(Arg|Cys|Ile|Leu|Met|Val|Gln|Glu|Trp|Tyr),tRNA(Arg|Cys|Ile|Leu|mMet|fMet|Val|Gln|Glu|Trp|Tyr)[ACGU][ACGU][ACGU]",(Arg|Cys|Ile|Leu|Met|Val|Gln|Glu|Trp|Tyr)RS_(Arg|Cys|Ile|Leu|Met|Val|Gln|Glu|Trp|Tyr)_tRNA(Arg|Cys|Ile|Leu|mMet|fMet|Val|Gln|Glu|Trp|Tyr)[ACGU][ACGU][ACGU],50
138,(Arg|Cys|Ile|Leu|Met|Val|Gln|Glu|Trp|Tyr)RS_tRNA(Arg|Cys|Ile|Leu|mMet|fMet|Val|Gln|Glu|Trp|Tyr)[ACGU][ACGU][ACGU],"(Arg|Cys|Ile|Leu|Met|Val|Gln|Glu|Trp|Tyr)RS,tRNA(Arg|Cys|Ile|Leu|mMet|fMet|Val|Gln|Glu|Trp|Tyr)[ACGU][ACGU][ACGU]",150
139,(Arg|Cys|Ile|Leu|Met|Val|Gln|Glu|Trp|Tyr)RS_(Arg|Cys|Ile|Leu|Met|Val|Gln|Glu|Trp|Tyr)_tRNA(Arg|Cys|Ile|Leu|mMet|fMet|Val|Gln|Glu|Trp|Tyr)[ACGU][ACGU][ACGU],"(Arg|Cys|Ile|Leu|Met|Val|Gln|Glu|Trp|Tyr)RS_(Arg|Cys|Ile|Leu|Met|Val|Gln|Glu|Trp|Tyr),tRNA(Arg|Cys|Ile|Leu|mMet|fMet|Val|Gln|Glu|Trp|Tyr)[ACGU][ACGU][ACGU]",150
140,"(Arg|Cys|Ile|Leu|Met|Val|Gln|Glu|Trp|Tyr)RS_ATP,tRNA(Arg|Cys|Ile|Leu|mMet|fMet|Val|Gln|Glu|Trp|Tyr)[ACGU][ACGU][ACGU]",(Arg|Cys|Ile|Leu|Met|Val|Gln|Glu|Trp|Tyr)RS_ATP_tRNA(Arg|Cys|Ile|Leu|mMet|fMet|Val|Gln|Glu|Trp|Tyr)[ACGU][ACGU][ACGU],50
141,(Arg|Cys|Ile|Leu|Met|Val|Gln|Glu|Trp|Tyr)RS_ATP_tRNA(Arg|Cys|Ile|Leu|mMet|fMet|Val|Gln|Glu|Trp|Tyr)[ACGU][ACGU][ACGU],"(Arg|Cys|Ile|Leu|Met|Val|Gln|Glu|Trp|Tyr)RS_ATP,tRNA(Arg|Cys|Ile|Leu|mMet|fMet|Val|Gln|Glu|Trp|Tyr)[ACGU][ACGU][ACGU]",150
142,"(Arg|Cys|Ile|Leu|Met|Val|Gln|Glu|Trp|Tyr)RS_(Arg|Cys|Ile|Leu|Met|Val|Gln|Glu|Trp|Tyr)_ATP,tRNA(Arg|Cys|Ile|Leu|mMet|fMet|Val|Gln|Glu|Trp|Tyr)[ACGU][ACGU][ACGU]",(Arg|Cys|Ile|Leu|Met|Val|Gln|Glu|Trp|Tyr)RS_(Arg|Cys|Ile|Leu|Met|Val|Gln|Glu|Trp|Tyr)_ATP_tRNA(Arg|Cys|Ile|Leu|mMet|fMet|Val|Gln|Glu|Trp|Tyr)[ACGU][ACGU][ACGU],50
143,(Arg|Cys|Ile|Leu|Met|Val|Gln|Glu|Trp|Tyr)RS_(Arg|Cys|Ile|Leu|Met|Val|Gln|Glu|Trp|Tyr)_ATP_tRNA(Arg|Cys|Ile|Leu|mMet|fMet|Val|Gln|Glu|Trp|Tyr)[ACGU][ACGU][ACGU],"(Arg|Cys|Ile|Leu|Met|Val|Gln|Glu|Trp|Tyr)RS_(Arg|Cys|Ile|Leu|Met|Val|Gln|Glu|Trp|Tyr)_ATP,tRNA(Arg|Cys|Ile|Leu|mMet|fMet|Val|Gln|Glu|Trp|Tyr)[ACGU][ACGU][ACGU]",150
144,"(Arg|Cys|Ile|Leu|Met|Val|Gln|Glu|Trp|Tyr)RS_(Arg|Cys|Ile|Leu|Met|Val|Gln|Glu|Trp|Tyr)AMP_PPi,tRNA(Arg|Cys|Ile|Leu|mMet|fMet|Val|Gln|Glu|Trp|Tyr)[ACGU][ACGU][ACGU]",(Arg|Cys|Ile|Leu|Met|Val|Gln|Glu|Trp|Tyr)RS_(Arg|Cys|Ile|Leu|Met|Val|Gln|Glu|Trp|Tyr)AMP_PPi_tRNA(Arg|Cys|Ile|Leu|mMet|fMet|Val|Gln|Glu|Trp|Tyr)[ACGU][ACGU][ACGU],50
145,(Arg|Cys|Ile|Leu|Met|Val|Gln|Glu|Trp|Tyr)RS_(Arg|Cys|Ile|Leu|Met|Val|Gln|Glu|Trp|Tyr)AMP_PPi_tRNA(Arg|Cys|Ile|Leu|mMet|fMet|Val|Gln|Glu|Trp|Tyr)[ACGU][ACGU][ACGU],"(Arg|Cys|Ile|Leu|Met|Val|Gln|Glu|Trp|Tyr)RS_(Arg|Cys|Ile|Leu|Met|Val|Gln|Glu|Trp|Tyr)AMP_PPi,tRNA(Arg|Cys|Ile|Leu|mMet|fMet|Val|Gln|Glu|Trp|Tyr)[ACGU][ACGU][ACGU]",150
146,"(Arg|Cys|Ile|Leu|Met|Val|Gln|Glu|Trp|Tyr)RS_(Arg|Cys|Ile|Leu|Met|Val|Gln|Glu|Trp|Tyr)AMP,tRNA(Arg|Cys|Ile|Leu|mMet|fMet|Val|Gln|Glu|Trp|Tyr)[ACGU][ACGU][ACGU]",(Arg|Cys|Ile|Leu|Met|Val|Gln|Glu|Trp|Tyr)RS_(Arg|Cys|Ile|Leu|Met|Val|Gln|Glu|Trp|Tyr)AMP_tRNA(Arg|Cys|Ile|Leu|mMet|fMet|Val|Gln|Glu|Trp|Tyr)[ACGU][ACGU][ACGU],50
147,(Arg|Cys|Ile|Leu|Met|Val|Gln|Glu|Trp|Tyr)RS_(Arg|Cys|Ile|Leu|Met|Val|Gln|Glu|Trp|Tyr)AMP_tRNA(Arg|Cys|Ile|Leu|mMet|fMet|Val|Gln|Glu|Trp|Tyr)[ACGU][ACGU][ACGU],"(Arg|Cys|Ile|Leu|Met|Val|Gln|Glu|Trp|Tyr)RS_(Arg|Cys|Ile|Leu|Met|Val|Gln|Glu|Trp|Tyr)AMP,tRNA(Arg|Cys|Ile|Leu|mMet|fMet|Val|Gln|Glu|Trp|Tyr)[ACGU][ACGU][ACGU]",150
148,"tRNA(Arg|Cys|Ile|Leu|mMet|fMet|Val|Gln|Glu|Trp|Tyr)[ACGU][ACGU][ACGU],(Arg|Cys|Ile|Leu|Met|Val|Gln|Glu|Trp|Tyr)",(Arg|Cys|Ile|Leu|Met|Val|Gln|Glu|Trp|Tyr)tRNA(Arg|Cys|Ile|Leu|mMet|fMet|Val|Gln|Glu|Trp|Tyr)[ACGU][ACGU][ACGU],0
149,"(Arg|Cys|Ile|Leu|Met|Val|Gln|Glu|Trp|Tyr)RS_(Arg|Cys|Ile|Leu|Met|Val|Gln|Glu|Trp|Tyr)AMP_tRNA(Arg|Cys|Ile|Leu|mMet|fMet|Val|Gln|Glu|Trp|Tyr)[ACGU][ACGU][ACGU],PPi",(Arg|Cys|Ile|Leu|Met|Val|Gln|Glu|Trp|Tyr)RS_(Arg|Cys|Ile|Leu|Met|Val|Gln|Glu|Trp|Tyr)AMP_PPi_tRNA(Arg|Cys|Ile|Leu|mMet|fMet|Val|Gln|Glu|Trp|Tyr)[ACGU][ACGU][ACGU],0
150,"EFTu,EFTs",EFTu_EFTs,10
151,EFTu_EFTs,"EFTu,EFTs",0.03
152,"EFTu_EFTs,GDP",EFTu_GDP_EFTs,14
153,EFTu_GDP_EFTs,"EFTu_EFTs,GDP",125
154,EFTu_GDP_EFTs,"EFTu_GDP,EFTs",350
155,"EFTu_GDP,EFTs",EFTu_GDP_EFTs,60
156,EFTu_GDP,"EFTu,GDP",0.002
157,"EFTu,GDP",EFTu_GDP,2
158,"EFTu_EFTs,GTP",EFTu_GTP_EFTs,6
159,EFTu_GTP_EFTs,"EFTu_EFTs,GTP",85
160,EFTu_GTP_EFTs,"EFTu_GTP,EFTs",60
161,"EFTu_GTP,EFTs",EFTu_GTP_EFTs,30
162,"EFTu,GTP",EFTu_GTP,0.5
163,EFTu_GTP,"EFTu,GTP",0.03
164,"EFTu_GTP,(Ala|Arg|Asn|Asp|Cys|Gln|Glu|Gly|His|Ile|Leu|Lys|Met|Phe|Pro|Ser|Thr|Trp|Tyr|Val)tRNA(Ala|Arg|Asn|Asp|Cys|Gln|Glu|Gly|His|Ile|Leu|Lys|mMet|Phe|Pro|Ser|Thr|Trp|Tyr|Val)[ACGU][ACGU][ACGU]",EFTu_GTP_(Ala|Arg|Asn|Asp|Cys|Gln|Glu|Gly|His|Ile|Leu|Lys|Met|Phe|Pro|Ser|Thr|Trp|Tyr|Val)tRNA(Ala|Arg|Asn|Asp|Cys|Gln|Glu|Gly|His|Ile|Leu|Lys|mMet|Phe|Pro|Ser|Thr|Trp|Tyr|Val)[ACGU][ACGU][ACGU],1.5
165,EFTu_GTP_(Ala|Arg|Asn|Asp|Cys|Gln|Glu|Gly|His|Ile|Leu|Lys|Met|Phe|Pro|Ser|Thr|Trp|Tyr|Val)tRNA(Ala|Arg|Asn|Asp|Cys|Gln|Glu|Gly|His|Ile|Leu|Lys|mMet|Phe|Pro|Ser|Thr|Trp|Tyr|Val)[ACGU][ACGU][ACGU],"EFTu_GTP,(Ala|Arg|Asn|Asp|Cys|Gln|Glu|Gly|His|Ile|Leu|Lys|Met|Phe|Pro|Ser|Thr|Trp|Tyr|Val)tRNA(Ala|Arg|Asn|Asp|Cys|Gln|Glu|Gly|His|Ile|Leu|Lys|mMet|Phe|Pro|Ser|Thr|Trp|Tyr|Val)[ACGU][ACGU][ACGU]",0.0013
166,"EFTu_GTP,MettRNAfMetCAU",EFTu_GTP_MettRNAfMetCAU,1.5
167,EFTu_GTP_MettRNAfMetCAU,"EFTu_GTP,MettRNAfMetCAU",0.0453
168,EFG_GDP,"EFG,GDP",300
169,"EFG,GDP",EFG_GDP,17.6
170,"EFG,GTP",EFG_GTP,0.58
171,EFG_GTP,"EFG,GTP",13
172,"RS50S,EFG_GTP",RS50S_EFG_GTP,30
173,RS50S_EFG_GTP,"RS50S,EFG_GTP",25
174,"RS70S,EFG_GTP",RS70S_EFG_GTP,30
175,RS70S_EFG_GTP,"RS70S,EFG_GTP",25
176,RS50S_EFG_GTP,RS50S_EFG_GDP_PO4,31
177,RS50S_EFG_GDP_PO4,RS50S_EFG_GTP,5
178,RS70S_EFG_GTP,RS70S_EFG_GDP_PO4,31
179,RS70S_EFG_GDP_PO4,RS70S_EFG_GTP,5
180,RS50S_EFG_GDP_PO4,"RS50S_EFG_GDP,PO4",5
181,RS70S_EFG_GDP_PO4,"RS70S_EFG_GDP,PO4",5
182,RS50S_EFG_GDP,"RS50S,EFG_GDP",1000
183,RS70S_EFG_GDP,"RS70S,EFG_GDP",1000
184,"RS50S_EFG_GDP,PO4",RS50S_EFG_GDP_PO4,0
185,"RS70S_EFG_GDP,PO4",RS70S_EFG_GDP_PO4,0
186,"RS50S,EFG_GDP",RS50S_EFG_GDP,0
187,"RS70S,EFG_GDP",RS70S_EFG_GDP,0
188,"CK,ADP",CK_ADP,19.60784314
189,CK_ADP,"CK,ADP",1000
190,"CK,CP",CK_CP,2
191,CK_CP,"CK,CP",1000
192,"CK_CP,ADP",CK_CP_ADP,19.60784314
193,CK_CP_ADP,"CK_CP,ADP",1000
194,"CK_ADP,CP",CK_CP_ADP,2
195,CK_CP_ADP,"CP,CK_ADP",1000
196,CK_CP_ADP,CK_Cr_ATP,2.527408333
197,CK_Cr_ATP,CK_CP_ADP,0.548808667
198,CK_Cr_ATP,"CK_Cr,ATP",1000
199,"CK_Cr,ATP",CK_Cr_ATP,1.369863014
200,CK_Cr_ATP,"CK_ATP,Cr",1000
201,"CK_ATP,Cr",CK_Cr_ATP,0.204081633
202,CK_ATP,"CK,ATP",1000
203,"CK,ATP",CK_ATP,1.369863014
204,CK_Cr,"CK,Cr",1000
205,"CK,Cr",CK_Cr,0.204081633
206,"NDK,ATP",NDK_ATP,0.555555556
207,NDK_ATP,"NDK,ATP",1000
208,"NDK,GDP",NDK_GDP,20.40816327
209,NDK_GDP,"NDK,GDP",1000
210,"NDK_GDP,ATP",NDK_GDP_ATP,0.555555556
211,NDK_GDP_ATP,"NDK_GDP,ATP",1000
212,"NDK_ATP,GDP",NDK_GDP_ATP,20.40816327
213,NDK_GDP_ATP,"NDK_ATP,GDP",1000
214,NDK_GDP_ATP,NDK_GTP_ADP,470
215,NDK_GTP_ADP,NDK_GDP_ATP,0
216,NDK_GTP_ADP,"NDK_ADP,GTP",1000
217,NDK_GTP_ADP,"NDK_GTP,ADP",1000
218,NDK_ADP,"NDK,ADP",1000
219,NDK_GTP,"NDK,GTP",1000
220,"NDK_GTP,ADP",NDK_GTP_ADP,15.15151515
221,"NDK_ADP,GTP",NDK_GTP_ADP,6.666666667
222,"NDK,GTP",NDK_GTP,6.666666667
223,"NDK,ADP",NDK_ADP,15.15151515
224,"MK,ATP",MK_ATP,16.66666667
225,MK_ATP,"ATP,MK",1000
226,"MK,AMP",MK_AMP,8.333333333
227,MK_AMP,"MK,AMP",1000
228,"MK_AMP,ATP",MK_ATP_AMP,16.66666667
229,MK_ATP_AMP,"ATP,MK_AMP",1000
230,"MK_ATP,AMP",MK_ATP_AMP,8.333333333
231,MK_ATP_AMP,"MK_ATP,AMP",1000
232,MK_ATP_AMP,MK_ADP_ADP,255.6
233,MK_ADP_ADP,MK_ATP_AMP,345.6
234,MK_ADP_ADP,"MK_ADP_1,ADP",1000
235,"MK_ADP_1,ADP",MK_ADP_ADP,35.71428571
236,MK_ADP_ADP,"MK_ADP_2,ADP",1000
237,"MK_ADP_2,ADP",MK_ADP_ADP,1.098901099
238,MK_ADP_1,"MK,ADP",1000
239,"MK,ADP",MK_ADP_1,1.098901099
240,MK_ADP_2,"ADP,MK",1000
241,"MK,ADP",MK_ADP_2,35.71428571
242,"PPiase,PPi",PPiase_PPi,46
243,PPiase_PPi,"PPiase,PPi",200
244,PPiase_PPi,PPiase_PO4_PO4,800
245,PPiase_PO4_PO4,PPiase_PPi,140
246,PPiase_PO4_PO4,"PPiase_PO4,PO4",440
247,"PPiase_PO4,PO4",PPiase_PO4_PO4,0.059
248,PPiase_PO4,"PPiase,PO4",400
249,"PPiase,PO4",PPiase_PO4,0.26
250,fMettRNAfMetCAU,"tRNAfMetCAU,fMet",0
251,"MTF,FD",MTF_FD,74.07407407
252,MTF_FD,"MTF,FD",1000
253,"MTF,MettRNAfMetCAU",MTF_MettRNAfMetCAU,2000
254,MTF_MettRNAfMetCAU,"MTF,MettRNAfMetCAU",1000
255,"MTF_FD,MettRNAfMetCAU",MTF_FD_MettRNAfMetCAU,2000
256,MTF_FD_MettRNAfMetCAU,"MettRNAfMetCAU,MTF_FD",1000
257,"MTF_MettRNAfMetCAU,FD",MTF_FD_MettRNAfMetCAU,74.07407407
258,MTF_FD_MettRNAfMetCAU,"MTF_MettRNAfMetCAU,FD",1000
259,MTF_FD_MettRNAfMetCAU,MTF_THF_fMettRNAfMetCAU,37.3
260,MTF_THF_fMettRNAfMetCAU,MTF_FD_MettRNAfMetCAU,0
261,MTF_THF_fMettRNAfMetCAU,"MTF_THF,fMettRNAfMetCAU",1000
262,"MTF_THF,fMettRNAfMetCAU",MTF_THF_fMettRNAfMetCAU,0
263,MTF_THF_fMettRNAfMetCAU,"MTF_fMettRNAfMetCAU,THF",1000
264,"MTF_fMettRNAfMetCAU,THF",MTF_THF_fMettRNAfMetCAU,0
265,MTF_fMettRNAfMetCAU,"MTF,fMettRNAfMetCAU",1000
266,"MTF,fMettRNAfMetCAU",MTF_fMettRNAfMetCAU,0
267,MTF_THF,"MTF,THF",1000
268,"MTF,THF",MTF_THF,0
269,FD,THF,0
270,"tRNAfMetCAU,fMet",fMettRNAfMetCAU,0
271,THF,FD,0
272,"IF2,GTP",IF2_GTP,10
273,IF2_GTP,"GTP,IF2",67
274,"IF2,GDP",IF2_GDP,10
275,IF2_GDP,"IF2,GDP",16
276,"IF2_GTP,fMettRNAfMetCAU",IF2_GTP_fMettRNAfMetCAU,40
277,IF2_GTP_fMettRNAfMetCAU,"IF2_GTP,fMettRNAfMetCAU",40
278,RS70S,"RS30S,RS50S",0.012
279,"RS30S,RS50S",RS70S,12
280,"RS70S,IF3",RS70S_IF3,0.082
281,RS70S_IF3,"RS70S,IF3",0.26
282,"RS30S,IF3",RS30S_IF3,1160
283,RS30S_IF3,"RS30S,IF3",0.8
284,RS70S_IF3,"RS30S_IF3,RS50S",0.0068
285,"RS30S_IF3,RS50S",RS70S_IF3,0.18
286,"RS30S_IF3,IF2_GTP",RS30S_IF3_IF2_GTP,280
287,RS30S_IF3_IF2_GTP,"RS30S_IF3,IF2_GTP",12
288,"RS30S_IF3,IF2_GTP_fMettRNAfMetCAU",RS30S_IF3_IF2_GTP_fMettRNAfMetCAU,280
289,RS30S_IF3_IF2_GTP_fMettRNAfMetCAU,"RS30S_IF3,IF2_GTP_fMettRNAfMetCAU",1.5
290,"RS30S_IF3_IF2_GTP,fMettRNAfMetCAU",RS30S_IF3_IF2_GTP_fMettRNAfMetCAU,5
291,RS30S_IF3_IF2_GTP_fMettRNAfMetCAU,"RS30S_IF3_IF2_GTP,fMettRNAfMetCAU",1.5
292,"RS30S_IF3,mRNA",RS30S_IF3_mRNA,36
293,RS30S_IF3_mRNA,"RS30S_IF3,mRNA",0.7
294,"RS30S_IF3_mRNA,IF2_GTP",RS30S_IF3_IF2_GTP_mRNA,280
295,RS30S_IF3_IF2_GTP_mRNA,"RS30S_IF3_mRNA,IF2_GTP",12
296,"RS30S_IF3_mRNA,fMettRNAfMetCAU",RS30S_IF3_fMettRNAfMetCAU_mRNA,5
297,RS30S_IF3_fMettRNAfMetCAU_mRNA,"RS30S_IF3_mRNA,fMettRNAfMetCAU",1.5
298,"RS30S_IF3_mRNA,IF2_GTP_fMettRNAfMetCAU",RS30S_IF3_IF2_GTP_fMettRNAfMetCAU_mRNA,280
299,RS30S_IF3_IF2_GTP_fMettRNAfMetCAU_mRNA,"RS30S_IF3_mRNA,IF2_GTP_fMettRNAfMetCAU",1.5
300,"RS30S_IF3_fMettRNAfMetCAU_mRNA,IF2_GTP",RS30S_IF3_IF2_GTP_fMettRNAfMetCAU_mRNA,280
301,RS30S_IF3_IF2_GTP_fMettRNAfMetCAU_mRNA,"RS30S_IF3_fMettRNAfMetCAU_mRNA,IF2_GTP",12
302,"RS30S_IF3_IF2_GTP_mRNA,fMettRNAfMetCAU",RS30S_IF3_IF2_GTP_fMettRNAfMetCAU_mRNA,5
303,RS30S_IF3_IF2_GTP_fMettRNAfMetCAU_mRNA,"RS30S_IF3_IF2_GTP_mRNA,fMettRNAfMetCAU",1.5
304,"RS30S_IF3_IF2_GTP,mRNA",RS30S_IF3_IF2_GTP_mRNA,36
305,RS30S_IF3_IF2_GTP_mRNA,"RS30S_IF3_IF2_GTP,mRNA",0.7
306,"RS30S_IF3_IF2_GTP_fMettRNAfMetCAU,mRNA",RS30S_IF3_IF2_GTP_fMettRNAfMetCAU_mRNA,36
307,RS30S_IF3_IF2_GTP_fMettRNAfMetCAU_mRNA,"RS30S_IF3_IF2_GTP_fMettRNAfMetCAU,mRNA",0.7
308,"RS30S_IF3_IF2_GTP_fMettRNAfMetCAU_mRNA,RS50S",RS70S_IF3_IF2_GTP_fMettRNAfMetCAU_mRNA,34
309,RS70S_IF3_IF2_GTP_fMettRNAfMetCAU_mRNA,"RS30S_IF3_IF2_GTP_fMettRNAfMetCAU_mRNA,RS50S",35
310,RS70S_IF1,"RS30S_IF1,RS50S",0.012
311,"RS30S_IF1,RS50S",RS70S_IF1,12
312,"RS70S_IF1,IF3",RS70S_IF1_IF3,0.082
313,RS70S_IF1_IF3,"RS70S_IF1,IF3",0.26
314,"RS30S_IF1,IF3",RS30S_IF1_IF3,1100
315,RS30S_IF1_IF3,"RS30S_IF1,IF3",0.08
316,RS70S_IF1_IF3,"RS30S_IF1_IF3,RS50S",0.0068
317,"RS30S_IF1_IF3,RS50S",RS70S_IF1_IF3,0.18
318,"RS30S_IF1_IF3,IF2_GTP",RS30S_IF1_IF3_IF2_GTP,220
319,RS30S_IF1_IF3_IF2_GTP,"RS30S_IF1_IF3,IF2_GTP",1
320,"RS30S_IF1_IF3,IF2_GTP_fMettRNAfMetCAU",RS30S_IF1_IF3_IF2_GTP_fMettRNAfMetCAU,220
321,RS30S_IF1_IF3_IF2_GTP_fMettRNAfMetCAU,"RS30S_IF1_IF3,IF2_GTP_fMettRNAfMetCAU",1
322,"RS30S_IF1_IF3_IF2_GTP,fMettRNAfMetCAU",RS30S_IF1_IF3_IF2_GTP_fMettRNAfMetCAU,5
323,RS30S_IF1_IF3_IF2_GTP_fMettRNAfMetCAU,"RS30S_IF1_IF3_IF2_GTP,fMettRNAfMetCAU",1.5
324,"RS70S,IF1",RS70S_IF1,20
325,RS70S_IF1,"RS70S,IF1",0.7
326,"RS30S,IF1",RS30S_IF1,20
327,RS30S_IF1,"RS30S,IF1",0.7
328,"RS70S_IF3,IF1",RS70S_IF1_IF3,20
329,RS70S_IF1_IF3,"RS70S_IF3,IF1",0.7
330,"RS30S_IF3,IF1",RS30S_IF1_IF3,20
331,RS30S_IF1_IF3,"RS30S_IF3,IF1",0.7
332,"RS30S_IF3_IF2_GTP,IF1",RS30S_IF1_IF3_IF2_GTP,12
333,RS30S_IF1_IF3_IF2_GTP,"RS30S_IF3_IF2_GTP,IF1",0.02
334,"RS30S_IF3_IF2_GTP_fMettRNAfMetCAU,IF1",RS30S_IF1_IF3_IF2_GTP_fMettRNAfMetCAU,12
335,RS30S_IF1_IF3_IF2_GTP_fMettRNAfMetCAU,"RS30S_IF3_IF2_GTP_fMettRNAfMetCAU,IF1",0.02
336,"RS30S_IF1_IF3,mRNA",RS30S_IF1_IF3_mRNA,36
337,RS30S_IF1_IF3_mRNA,"RS30S_IF1_IF3,mRNA",0.7
338,"RS30S_IF1_IF3_mRNA,IF2_GTP",RS30S_IF1_IF3_IF2_GTP_mRNA,220
339,RS30S_IF1_IF3_IF2_GTP_mRNA,"RS30S_IF1_IF3_mRNA,IF2_GTP",1
340,"RS30S_IF1_IF3_mRNA,fMettRNAfMetCAU",RS30S_IF1_IF3_fMettRNAfMetCAU_mRNA,5
341,RS30S_IF1_IF3_fMettRNAfMetCAU_mRNA,"RS30S_IF1_IF3_mRNA,fMettRNAfMetCAU",1.5
342,"RS30S_IF1_IF3_mRNA,IF2_GTP_fMettRNAfMetCAU",RS30S_IF1_IF3_IF2_GTP_fMettRNAfMetCAU_mRNA,220
343,RS30S_IF1_IF3_IF2_GTP_fMettRNAfMetCAU_mRNA,"RS30S_IF1_IF3_mRNA,IF2_GTP_fMettRNAfMetCAU",1
344,"RS30S_IF1_IF3_fMettRNAfMetCAU_mRNA,IF2_GTP",RS30S_IF1_IF3_IF2_GTP_fMettRNAfMetCAU_mRNA,320
345,RS30S_IF1_IF3_IF2_GTP_fMettRNAfMetCAU_mRNA,"RS30S_IF1_IF3_fMettRNAfMetCAU_mRNA,IF2_GTP",0.015
346,"RS30S_IF1_IF3_IF2_GTP_mRNA,fMettRNAfMetCAU",RS30S_IF1_IF3_IF2_GTP_fMettRNAfMetCAU_mRNA,5
347,RS30S_IF1_IF3_IF2_GTP_fMettRNAfMetCAU_mRNA,"RS30S_IF1_IF3_IF2_GTP_mRNA,fMettRNAfMetCAU",1.5
348,"RS30S_IF1_IF3_IF2_GTP,mRNA",RS30S_IF1_IF3_IF2_GTP_mRNA,36
349,RS30S_IF1_IF3_IF2_GTP_mRNA,"RS30S_IF1_IF3_IF2_GTP,mRNA",0.7
350,"RS30S_IF1_IF3_IF2_GTP_fMettRNAfMetCAU,mRNA",RS30S_IF1_IF3_IF2_GTP_fMettRNAfMetCAU_mRNA,36
351,RS30S_IF1_IF3_IF2_GTP_fMettRNAfMetCAU_mRNA,"RS30S_IF1_IF3_IF2_GTP_fMettRNAfMetCAU,mRNA",0.006
352,"RS30S_IF1_IF3_IF2_GTP_fMettRNAfMetCAU_mRNA,RS50S",RS70S_IF1_IF3_IF2_GTP_fMettRNAfMetCAU_mRNA,34
353,RS70S_IF1_IF3_IF2_GTP_fMettRNAfMetCAU_mRNA,"RS30S_IF1_IF3_IF2_GTP_fMettRNAfMetCAU_mRNA,RS50S",35
354,"RS30S_IF3_mRNA,IF1",RS30S_IF1_IF3_mRNA,20
355,RS30S_IF1_IF3_mRNA,"RS30S_IF3_mRNA,IF1",0.7
356,"RS30S_IF3_fMettRNAfMetCAU_mRNA,IF1",RS30S_IF1_IF3_fMettRNAfMetCAU_mRNA,20
357,RS30S_IF1_IF3_fMettRNAfMetCAU_mRNA,"RS30S_IF3_fMettRNAfMetCAU_mRNA,IF1",0.7
358,"RS30S_IF3_IF2_GTP_mRNA,IF1",RS30S_IF1_IF3_IF2_GTP_mRNA,12
359,RS30S_IF1_IF3_IF2_GTP_mRNA,"RS30S_IF3_IF2_GTP_mRNA,IF1",0.02
360,"RS30S_IF3_IF2_GTP_fMettRNAfMetCAU_mRNA,IF1",RS30S_IF1_IF3_IF2_GTP_fMettRNAfMetCAU_mRNA,16
361,RS30S_IF1_IF3_IF2_GTP_fMettRNAfMetCAU_mRNA,"RS30S_IF3_IF2_GTP_fMettRNAfMetCAU_mRNA,IF1",0.0025
362,"RS70S_IF3_IF2_GTP_fMettRNAfMetCAU_mRNA,IF1",RS70S_IF1_IF3_IF2_GTP_fMettRNAfMetCAU_mRNA,16
363,RS70S_IF1_IF3_IF2_GTP_fMettRNAfMetCAU_mRNA,"RS70S_IF3_IF2_GTP_fMettRNAfMetCAU_mRNA,IF1",0.0025
364,"RS30S,IF2_GTP",RS30S_IF2_GTP,280
365,RS30S_IF2_GTP,"IF2_GTP,RS30S",12
366,"RS30S,IF2_GTP_fMettRNAfMetCAU",RS30S_IF2_GTP_fMettRNAfMetCAU,280
367,RS30S_IF2_GTP_fMettRNAfMetCAU,"IF2_GTP_fMettRNAfMetCAU,RS30S",1.5
368,"RS30S_IF2_GTP,fMettRNAfMetCAU",RS30S_IF2_GTP_fMettRNAfMetCAU,5
369,RS30S_IF2_GTP_fMettRNAfMetCAU,"fMettRNAfMetCAU,RS30S_IF2_GTP",1.5
370,"RS30S_IF2_GTP,IF3",RS30S_IF3_IF2_GTP,1160
371,RS30S_IF3_IF2_GTP,"IF3,RS30S_IF2_GTP",0.8
372,"RS30S_IF2_GTP_fMettRNAfMetCAU,IF3",RS30S_IF3_IF2_GTP_fMettRNAfMetCAU,1160
373,RS30S_IF3_IF2_GTP_fMettRNAfMetCAU,"IF3,RS30S_IF2_GTP_fMettRNAfMetCAU",0.8
374,"mRNA,RS30S",RS30S_mRNA,36
375,RS30S_mRNA,"RS30S,mRNA",0.7
376,"RS30S_mRNA,fMettRNAfMetCAU",RS30S_fMettRNAfMetCAU_mRNA,5
377,RS30S_fMettRNAfMetCAU_mRNA,"fMettRNAfMetCAU,RS30S_mRNA",1.5
378,"RS30S_mRNA,IF2_GTP_fMettRNAfMetCAU",RS30S_IF2_GTP_fMettRNAfMetCAU_mRNA,280
379,RS30S_IF2_GTP_fMettRNAfMetCAU_mRNA,"IF2_GTP_fMettRNAfMetCAU,RS30S_mRNA",1.5
380,"RS30S_mRNA,IF2_GTP",RS30S_IF2_GTP_mRNA,280
381,RS30S_IF2_GTP_mRNA,"IF2_GTP,RS30S_mRNA",12
382,"RS30S_fMettRNAfMetCAU_mRNA,IF2_GTP",RS30S_IF2_GTP_fMettRNAfMetCAU_mRNA,280
383,RS30S_IF2_GTP_fMettRNAfMetCAU_mRNA,"IF2_GTP,RS30S_fMettRNAfMetCAU_mRNA",12
384,"RS30S_IF2_GTP_mRNA,fMettRNAfMetCAU",RS30S_IF2_GTP_fMettRNAfMetCAU_mRNA,5
385,RS30S_IF2_GTP_fMettRNAfMetCAU_mRNA,"fMettRNAfMetCAU,RS30S_IF2_GTP_mRNA",1.5
386,"mRNA,RS30S_IF2_GTP",RS30S_IF2_GTP_mRNA,36
387,RS30S_IF2_GTP_mRNA,"RS30S_IF2_GTP,mRNA",0.7
388,"mRNA,RS30S_IF2_GTP_fMettRNAfMetCAU",RS30S_IF2_GTP_fMettRNAfMetCAU_mRNA,36
389,RS30S_IF2_GTP_fMettRNAfMetCAU_mRNA,"RS30S_IF2_GTP_fMettRNAfMetCAU,mRNA",0.7
390,"RS30S_mRNA,IF3",RS30S_IF3_mRNA,1160
391,RS30S_IF3_mRNA,"IF3,RS30S_mRNA",0.8
392,"RS30S_fMettRNAfMetCAU_mRNA,IF3",RS30S_IF3_fMettRNAfMetCAU_mRNA,1160
393,RS30S_IF3_fMettRNAfMetCAU_mRNA,"IF3,RS30S_fMettRNAfMetCAU_mRNA",0.8
394,"RS30S_IF2_GTP_mRNA,IF3",RS30S_IF3_IF2_GTP_mRNA,1160
395,RS30S_IF3_IF2_GTP_mRNA,"IF3,RS30S_IF2_GTP_mRNA",0.8
396,"RS30S_IF2_GTP_fMettRNAfMetCAU_mRNA,IF3",RS30S_IF3_IF2_GTP_fMettRNAfMetCAU_mRNA,1160
397,RS30S_IF3_IF2_GTP_fMettRNAfMetCAU_mRNA,"IF3,RS30S_IF2_GTP_fMettRNAfMetCAU_mRNA",0.8
398,"RS30S_IF1,IF2_GTP",RS30S_IF1_IF2_GTP,220
399,RS30S_IF1_IF2_GTP,"IF2_GTP,RS30S_IF1",1
400,"RS30S_IF1,IF2_GTP_fMettRNAfMetCAU",RS30S_IF1_IF2_GTP_fMettRNAfMetCAU,220
401,RS30S_IF1_IF2_GTP_fMettRNAfMetCAU,"IF2_GTP_fMettRNAfMetCAU,RS30S_IF1",1
402,"RS30S_IF1_IF2_GTP,fMettRNAfMetCAU",RS30S_IF1_IF2_GTP_fMettRNAfMetCAU,5
403,RS30S_IF1_IF2_GTP_fMettRNAfMetCAU,"fMettRNAfMetCAU,RS30S_IF1_IF2_GTP",1.5
404,"IF1,RS30S_IF2_GTP",RS30S_IF1_IF2_GTP,20
405,RS30S_IF1_IF2_GTP,"IF1,RS30S_IF2_GTP",0.7
406,"RS30S_IF2_GTP_fMettRNAfMetCAU,IF1",RS30S_IF1_IF2_GTP_fMettRNAfMetCAU,20
407,RS30S_IF1_IF2_GTP_fMettRNAfMetCAU,"IF1,RS30S_IF2_GTP_fMettRNAfMetCAU",0.7
408,"RS30S_IF1_IF2_GTP,IF3",RS30S_IF1_IF3_IF2_GTP,1100
409,RS30S_IF1_IF3_IF2_GTP,"IF3,RS30S_IF1_IF2_GTP",0.08
410,"RS30S_IF1_IF2_GTP_fMettRNAfMetCAU,IF3",RS30S_IF1_IF3_IF2_GTP_fMettRNAfMetCAU,1100
411,RS30S_IF1_IF3_IF2_GTP_fMettRNAfMetCAU,"IF3,RS30S_IF1_IF2_GTP_fMettRNAfMetCAU",0.08
412,"RS30S_IF1_mRNA,IF2_GTP",RS30S_IF1_IF2_GTP_mRNA,220
413,RS30S_IF1_IF2_GTP_mRNA,"RS30S_IF1_mRNA,IF2_GTP",1
414,"RS30S_IF1_mRNA,fMettRNAfMetCAU",RS30S_IF1_fMettRNAfMetCAU_mRNA,5
415,RS30S_IF1_fMettRNAfMetCAU_mRNA,"fMettRNAfMetCAU,RS30S_IF1_mRNA",1.5
416,"RS30S_IF1_IF2_GTP_mRNA,fMettRNAfMetCAU",RS30S_IF1_IF2_GTP_fMettRNAfMetCAU_mRNA,5
417,RS30S_IF1_IF2_GTP_fMettRNAfMetCAU_mRNA,"fMettRNAfMetCAU,RS30S_IF1_IF2_GTP_mRNA",1.5
418,"RS30S_IF1_fMettRNAfMetCAU_mRNA,IF2_GTP",RS30S_IF1_IF2_GTP_fMettRNAfMetCAU_mRNA,220
419,RS30S_IF1_IF2_GTP_fMettRNAfMetCAU_mRNA,"IF2_GTP,RS30S_IF1_fMettRNAfMetCAU_mRNA",1
420,"RS30S_IF1_mRNA,IF2_GTP_fMettRNAfMetCAU",RS30S_IF1_IF2_GTP_fMettRNAfMetCAU_mRNA,220
421,RS30S_IF1_IF2_GTP_fMettRNAfMetCAU_mRNA,"IF2_GTP_fMettRNAfMetCAU,RS30S_IF1_mRNA",1
422,"RS30S_IF1_mRNA,IF3",RS30S_IF1_IF3_mRNA,1100
423,RS30S_IF1_IF3_mRNA,"IF3,RS30S_IF1_mRNA",0.08
424,"RS30S_IF1_fMettRNAfMetCAU_mRNA,IF3",RS30S_IF1_IF3_fMettRNAfMetCAU_mRNA,1100
425,RS30S_IF1_IF3_fMettRNAfMetCAU_mRNA,"IF3,RS30S_IF1_fMettRNAfMetCAU_mRNA",0.08
426,"RS30S_IF1_IF2_GTP_mRNA,IF3",RS30S_IF1_IF3_IF2_GTP_mRNA,1100
427,RS30S_IF1_IF3_IF2_GTP_mRNA,"IF3,RS30S_IF1_IF2_GTP_mRNA",0.08
428,"RS30S_IF1_IF2_GTP_fMettRNAfMetCAU_mRNA,IF3",RS30S_IF1_IF3_IF2_GTP_fMettRNAfMetCAU_mRNA,1100
429,RS30S_IF1_IF3_IF2_GTP_fMettRNAfMetCAU_mRNA,"IF3,RS30S_IF1_IF2_GTP_fMettRNAfMetCAU_mRNA",0.08
430,"RS30S_IF1,mRNA",RS30S_IF1_mRNA,36
431,RS30S_IF1_mRNA,"RS30S_IF1,mRNA",0.7
432,"RS30S_mRNA,IF1",RS30S_IF1_mRNA,20
433,RS30S_IF1_mRNA,"RS30S_mRNA,IF1",0.7
434,"RS30S_IF2_GTP_mRNA,IF1",RS30S_IF1_IF2_GTP_mRNA,20
435,RS30S_IF1_IF2_GTP_mRNA,"RS30S_IF2_GTP_mRNA,IF1",0.7
436,"RS30S_IF1_IF2_GTP,mRNA",RS30S_IF1_IF2_GTP_mRNA,36
437,RS30S_IF1_IF2_GTP_mRNA,"RS30S_IF1_IF2_GTP,mRNA",0.7
438,"RS30S_fMettRNAfMetCAU_mRNA,IF1",RS30S_IF1_fMettRNAfMetCAU_mRNA,20
439,RS30S_IF1_fMettRNAfMetCAU_mRNA,"RS30S_fMettRNAfMetCAU_mRNA,IF1",0.7
440,"IF1,RS30S_IF2_GTP_fMettRNAfMetCAU_mRNA",RS30S_IF1_IF2_GTP_fMettRNAfMetCAU_mRNA,20
441,RS30S_IF1_IF2_GTP_fMettRNAfMetCAU_mRNA,"RS30S_IF2_GTP_fMettRNAfMetCAU_mRNA,IF1",0.7
442,"RS30S_IF1_IF2_GTP_fMettRNAfMetCAU,mRNA",RS30S_IF1_IF2_GTP_fMettRNAfMetCAU_mRNA,36
443,RS30S_IF1_IF2_GTP_fMettRNAfMetCAU_mRNA,"RS30S_IF1_IF2_GTP_fMettRNAfMetCAU,mRNA",0.7
444,RS70S_IF3_IF2_GTP_fMettRNAfMetCAU_mRNA,RS70S_IF3_IF2_GDP_PO4_fMettRNAfMetCAU_mRNA,2.3
445,RS70S_IF3_IF2_GDP_PO4_fMettRNAfMetCAU_mRNA,RS70S_IF3_IF2_GTP_fMettRNAfMetCAU_mRNA,2.1
446,RS70S_IF1_IF3_IF2_GTP_fMettRNAfMetCAU_mRNA,RS70S_IF1_IF3_IF2_GDP_PO4_fMettRNAfMetCAU_mRNA,2.3
447,RS70S_IF1_IF3_IF2_GDP_PO4_fMettRNAfMetCAU_mRNA,RS70S_IF1_IF3_IF2_GTP_fMettRNAfMetCAU_mRNA,2.1
448,"RS70S_IF3_IF2_GDP_PO4_fMettRNAfMetCAU_mRNA,IF1",RS70S_IF1_IF3_IF2_GDP_PO4_fMettRNAfMetCAU_mRNA,16
449,RS70S_IF1_IF3_IF2_GDP_PO4_fMettRNAfMetCAU_mRNA,"RS70S_IF3_IF2_GDP_PO4_fMettRNAfMetCAU_mRNA,IF1",0.0025
450,RS70S_IF3_IF2_GDP_PO4_fMettRNAfMetCAU_mRNA,"RS70S_IF3_IF2_GDP_fMettRNAfMetCAU_mRNA,PO4",12
451,RS70S_IF1_IF3_IF2_GDP_PO4_fMettRNAfMetCAU_mRNA,"RS70S_IF1_IF3_IF2_GDP_fMettRNAfMetCAU_mRNA,PO4",12
452,"RS70S_IF3_IF2_GDP_fMettRNAfMetCAU_mRNA,IF1",RS70S_IF1_IF3_IF2_GDP_fMettRNAfMetCAU_mRNA,16
453,RS70S_IF1_IF3_IF2_GDP_fMettRNAfMetCAU_mRNA,"RS70S_IF3_IF2_GDP_fMettRNAfMetCAU_mRNA,IF1",0.0025
454,RS70S_IF3_IF2_GDP_fMettRNAfMetCAU_mRNA,"RS70S_IF3_fMettRNAfMetCAU_mRNA,IF2_GDP",4
455,RS70S_IF2_GDP_fMettRNAfMetCAU_mRNA,"elRS70SA(([AGC][UAGC][UAGC])|(U[UC][UAGC])|(UA[UC])|(UG[UGC]))0002_fMettRNAfMetCAU,IF2_GDP",4
456,"RS70S_IF3_IF2_GDP_fMettRNAfMetCAU_mRNA,PO4",RS70S_IF3_IF2_GDP_PO4_fMettRNAfMetCAU_mRNA,0
457,"RS70S_IF1_IF3_IF2_GDP_fMettRNAfMetCAU_mRNA,PO4",RS70S_IF1_IF3_IF2_GDP_PO4_fMettRNAfMetCAU_mRNA,0
458,RS70S_IF1_IF3_IF2_GDP_fMettRNAfMetCAU_mRNA,"RS70S_IF1_IF2_GDP_fMettRNAfMetCAU_mRNA,IF3",1000
459,"RS70S_IF1_IF2_GDP_fMettRNAfMetCAU_mRNA,IF3",RS70S_IF1_IF3_IF2_GDP_fMettRNAfMetCAU_mRNA,0
460,RS70S_IF1_IF3_IF2_GDP_fMettRNAfMetCAU_mRNA,"RS70S_IF1_IF3_fMettRNAfMetCAU_mRNA,IF2_GDP",4
461,"RS70S_IF1_IF3_fMettRNAfMetCAU_mRNA,IF2_GDP",RS70S_IF1_IF3_IF2_GDP_fMettRNAfMetCAU_mRNA,200
462,"RS70S_IF3_fMettRNAfMetCAU_mRNA,IF2_GDP",RS70S_IF3_IF2_GDP_fMettRNAfMetCAU_mRNA,200
463,"elRS70SA(([AGC][UAGC][UAGC])|(U[UC][UAGC])|(UA[UC])|(UG[UGC]))0002_fMettRNAfMetCAU,IF2_GDP",RS70S_IF2_GDP_fMettRNAfMetCAU_mRNA,200
464,RS70S_IF1_IF3_fMettRNAfMetCAU_mRNA,"RS70S_IF3_fMettRNAfMetCAU_mRNA,IF1",1000
465,"RS70S_IF3_fMettRNAfMetCAU_mRNA,IF1",RS70S_IF1_IF3_fMettRNAfMetCAU_mRNA,0
466,RS70S_IF3_IF2_GDP_fMettRNAfMetCAU_mRNA,"RS70S_IF2_GDP_fMettRNAfMetCAU_mRNA,IF3",1000
467,"RS70S_IF2_GDP_fMettRNAfMetCAU_mRNA,IF3",RS70S_IF3_IF2_GDP_fMettRNAfMetCAU_mRNA,0
468,RS70S_IF1_IF2_GDP_fMettRNAfMetCAU_mRNA,"RS70S_IF2_GDP_fMettRNAfMetCAU_mRNA,IF1",1000
469,"RS70S_IF2_GDP_fMettRNAfMetCAU_mRNA,IF1",RS70S_IF1_IF2_GDP_fMettRNAfMetCAU_mRNA,0
470,RS70S_IF1_IF2_GDP_fMettRNAfMetCAU_mRNA,"RS70S_IF1_fMettRNAfMetCAU_mRNA,IF2_GDP",4
471,"RS70S_IF1_fMettRNAfMetCAU_mRNA,IF2_GDP",RS70S_IF1_IF2_GDP_fMettRNAfMetCAU_mRNA,200
472,RS70S_IF1_IF3_fMettRNAfMetCAU_mRNA,"RS70S_IF1_fMettRNAfMetCAU_mRNA,IF3",1000
473,"RS70S_IF1_fMettRNAfMetCAU_mRNA,IF3",RS70S_IF1_IF3_fMettRNAfMetCAU_mRNA,0
474,RS70S_IF3_fMettRNAfMetCAU_mRNA,"elRS70SA(([AGC][UAGC][UAGC])|(U[UC][UAGC])|(UA[UC])|(UG[UGC]))0002_fMettRNAfMetCAU,IF3",1000
475,"elRS70SA(([AGC][UAGC][UAGC])|(U[UC][UAGC])|(UA[UC])|(UG[UGC]))0002_fMettRNAfMetCAU,IF3",RS70S_IF3_fMettRNAfMetCAU_mRNA,0
476,RS70S_IF1_fMettRNAfMetCAU_mRNA,"elRS70SA(([AGC][UAGC][UAGC])|(U[UC][UAGC])|(UA[UC])|(UG[UGC]))0002_fMettRNAfMetCAU,IF1",1000
477,"elRS70SA(([AGC][UAGC][UAGC])|(U[UC][UAGC])|(UA[UC])|(UG[UGC]))0002_fMettRNAfMetCAU,IF1",RS70S_IF1_fMettRNAfMetCAU_mRNA,0
478,ATP,"ADP,PO4",0
479,ADP,"AMP,PO4",0
480,ATP,"AMP,PPi",0
481,GTP,"GDP,PO4",0
482,GDP,"GMP,PO4",0
483,GTP,"GMP,PPi",0
484,"PO4,ADP",ATP,0
485,"AMP,PO4",ADP,0
486,"AMP,PPi",ATP,0
487,"PO4,GDP",GTP,0
488,"GMP,PO4",GDP,0
489,"GMP,PPi",GTP,0
490,"elRS70SA(UAG|UAA)[0-9][0-9][0-9][0-9]_Pept[0-9][0-9][0-9][0-9]tRNA(fMet|Ala|Arg|Asn|Asp|Cys|Gln|Glu|Gly|His|Ile|Leu|Lys|Met|Phe|Pro|Ser|Thr|Trp|Tyr|Val|mMet)[ACGU][ACGU][ACGU],RF1",elRS70SA(UAG|UAA)[0-9][0-9][0-9][0-9]_Pept[0-9][0-9][0-9][0-9]tRNA(fMet|Ala|Arg|Asn|Asp|Cys|Gln|Glu|Gly|His|Ile|Leu|Lys|Met|Phe|Pro|Ser|Thr|Trp|Tyr|Val|mMet)[ACGU][ACGU][ACGU]_RF1,60
491,elRS70SA(UAG|UAA)[0-9][0-9][0-9][0-9]_Pept[0-9][0-9][0-9][0-9]tRNA(fMet|Ala|Arg|Asn|Asp|Cys|Gln|Glu|Gly|His|Ile|Leu|Lys|Met|Phe|Pro|Ser|Thr|Trp|Tyr|Val|mMet)[ACGU][ACGU][ACGU]_RF1,"elRS70SA(UAG|UAA)[0-9][0-9][0-9][0-9]_Pept[0-9][0-9][0-9][0-9]tRNA(fMet|Ala|Arg|Asn|Asp|Cys|Gln|Glu|Gly|His|Ile|Leu|Lys|Met|Phe|Pro|Ser|Thr|Trp|Tyr|Val|mMet)[ACGU][ACGU][ACGU],RF1",0.0028
492,elRS70SA(UAG|UAA)[0-9][0-9][0-9][0-9]_Pept[0-9][0-9][0-9][0-9]tRNA(fMet|Ala|Arg|Asn|Asp|Cys|Gln|Glu|Gly|His|Ile|Leu|Lys|Met|Phe|Pro|Ser|Thr|Trp|Tyr|Val|mMet)[ACGU][ACGU][ACGU]_RF1,"termRS70S(UAG|UAA)[0-9][0-9][0-9][0-9]_tRNA(fMet|Ala|Arg|Asn|Asp|Cys|Gln|Glu|Gly|His|Ile|Leu|Lys|Met|Phe|Pro|Ser|Thr|Trp|Tyr|Val|mMet)[ACGU][ACGU][ACGU]_RF1,Pept[0-9][0-9][0-9][0-9]",0.5
493,termRS70S(UAG|UAA)[0-9][0-9][0-9][0-9]_tRNA(fMet|Ala|Arg|Asn|Asp|Cys|Gln|Glu|Gly|His|Ile|Leu|Lys|Met|Phe|Pro|Ser|Thr|Trp|Tyr|Val|mMet)[ACGU][ACGU][ACGU]_RF1,"termRS70S(UAG|UAA)[0-9][0-9][0-9][0-9]_tRNA(fMet|Ala|Arg|Asn|Asp|Cys|Gln|Glu|Gly|His|Ile|Leu|Lys|Met|Phe|Pro|Ser|Thr|Trp|Tyr|Val|mMet)[ACGU][ACGU][ACGU],RF1",0.0028
494,"termRS70S(UAG|UAA)[0-9][0-9][0-9][0-9]_tRNA(fMet|Ala|Arg|Asn|Asp|Cys|Gln|Glu|Gly|His|Ile|Leu|Lys|Met|Phe|Pro|Ser|Thr|Trp|Tyr|Val|mMet)[ACGU][ACGU][ACGU],RF1",termRS70S(UAG|UAA)[0-9][0-9][0-9][0-9]_tRNA(fMet|Ala|Arg|Asn|Asp|Cys|Gln|Glu|Gly|His|Ile|Leu|Lys|Met|Phe|Pro|Ser|Thr|Trp|Tyr|Val|mMet)[ACGU][ACGU][ACGU]_RF1,60
495,"termRS70S(UAG|UAA)[0-9][0-9][0-9][0-9]_tRNA(fMet|Ala|Arg|Asn|Asp|Cys|Gln|Glu|Gly|His|Ile|Leu|Lys|Met|Phe|Pro|Ser|Thr|Trp|Tyr|Val|mMet)[ACGU][ACGU][ACGU]_RF1,Pept[0-9][0-9][0-9][0-9]",elRS70SA(UAG|UAA)[0-9][0-9][0-9][0-9]_Pept[0-9][0-9][0-9][0-9]tRNA(fMet|Ala|Arg|Asn|Asp|Cys|Gln|Glu|Gly|His|Ile|Leu|Lys|Met|Phe|Pro|Ser|Thr|Trp|Tyr|Val|mMet)[ACGU][ACGU][ACGU]_RF1,0
496,"elRS70SA(UGA|UAA)[0-9][0-9][0-9][0-9]_Pept[0-9][0-9][0-9][0-9]tRNA(fMet|Ala|Arg|Asn|Asp|Cys|Gln|Glu|Gly|His|Ile|Leu|Lys|Met|Phe|Pro|Ser|Thr|Trp|Tyr|Val|mMet)[ACGU][ACGU][ACGU],RF2",elRS70SA(UGA|UAA)[0-9][0-9][0-9][0-9]_Pept[0-9][0-9][0-9][0-9]tRNA(fMet|Ala|Arg|Asn|Asp|Cys|Gln|Glu|Gly|His|Ile|Leu|Lys|Met|Phe|Pro|Ser|Thr|Trp|Tyr|Val|mMet)[ACGU][ACGU][ACGU]_RF2,23
497,elRS70SA(UGA|UAA)[0-9][0-9][0-9][0-9]_Pept[0-9][0-9][0-9][0-9]tRNA(fMet|Ala|Arg|Asn|Asp|Cys|Gln|Glu|Gly|His|Ile|Leu|Lys|Met|Phe|Pro|Ser|Thr|Trp|Tyr|Val|mMet)[ACGU][ACGU][ACGU]_RF2,"elRS70SA(UGA|UAA)[0-9][0-9][0-9][0-9]_Pept[0-9][0-9][0-9][0-9]tRNA(fMet|Ala|Arg|Asn|Asp|Cys|Gln|Glu|Gly|His|Ile|Leu|Lys|Met|Phe|Pro|Ser|Thr|Trp|Tyr|Val|mMet)[ACGU][ACGU][ACGU],RF2",0.016
498,elRS70SA(UGA|UAA)[0-9][0-9][0-9][0-9]_Pept[0-9][0-9][0-9][0-9]tRNA(fMet|Ala|Arg|Asn|Asp|Cys|Gln|Glu|Gly|His|Ile|Leu|Lys|Met|Phe|Pro|Ser|Thr|Trp|Tyr|Val|mMet)[ACGU][ACGU][ACGU]_RF2,"termRS70S(UGA|UAA)[0-9][0-9][0-9][0-9]_tRNA(fMet|Ala|Arg|Asn|Asp|Cys|Gln|Glu|Gly|His|Ile|Leu|Lys|Met|Phe|Pro|Ser|Thr|Trp|Tyr|Val|mMet)[ACGU][ACGU][ACGU]_RF2,Pept[0-9][0-9][0-9][0-9]",1.5
499,termRS70S(UGA|UAA)[0-9][0-9][0-9][0-9]_tRNA(fMet|Ala|Arg|Asn|Asp|Cys|Gln|Glu|Gly|His|Ile|Leu|Lys|Met|Phe|Pro|Ser|Thr|Trp|Tyr|Val|mMet)[ACGU][ACGU][ACGU]_RF2,"termRS70S(UGA|UAA)[0-9][0-9][0-9][0-9]_tRNA(fMet|Ala|Arg|Asn|Asp|Cys|Gln|Glu|Gly|His|Ile|Leu|Lys|Met|Phe|Pro|Ser|Thr|Trp|Tyr|Val|mMet)[ACGU][ACGU][ACGU],RF2",0.016
500,"termRS70S(UGA|UAA)[0-9][0-9][0-9][0-9]_tRNA(fMet|Ala|Arg|Asn|Asp|Cys|Gln|Glu|Gly|His|Ile|Leu|Lys|Met|Phe|Pro|Ser|Thr|Trp|Tyr|Val|mMet)[ACGU][ACGU][ACGU],RF2",termRS70S(UGA|UAA)[0-9][0-9][0-9][0-9]_tRNA(fMet|Ala|Arg|Asn|Asp|Cys|Gln|Glu|Gly|His|Ile|Leu|Lys|Met|Phe|Pro|Ser|Thr|Trp|Tyr|Val|mMet)[ACGU][ACGU][ACGU]_RF2,23
501,"termRS70S(UGA|UAA)[0-9][0-9][0-9][0-9]_tRNA(fMet|Ala|Arg|Asn|Asp|Cys|Gln|Glu|Gly|His|Ile|Leu|Lys|Met|Phe|Pro|Ser|Thr|Trp|Tyr|Val|mMet)[ACGU][ACGU][ACGU]_RF2,Pept[0-9][0-9][0-9][0-9]",elRS70SA(UGA|UAA)[0-9][0-9][0-9][0-9]_Pept[0-9][0-9][0-9][0-9]tRNA(fMet|Ala|Arg|Asn|Asp|Cys|Gln|Glu|Gly|His|Ile|Leu|Lys|Met|Phe|Pro|Ser|Thr|Trp|Tyr|Val|mMet)[ACGU][ACGU][ACGU]_RF2,0
502,RF3_GDP,"GDP,RF3",0.032
503,"RF3,GDP",RF3_GDP,5.82
504,"RF3,GTP",RF3_GTP,10
505,RF3_GTP,"RF3,GTP",25
506,"RF3_GDP,termRS70S(UAG|UAA)[0-9][0-9][0-9][0-9]_tRNA(fMet|Ala|Arg|Asn|Asp|Cys|Gln|Glu|Gly|His|Ile|Leu|Lys|Met|Phe|Pro|Ser|Thr|Trp|Tyr|Val|mMet)[ACGU][ACGU][ACGU]_RF1",termRS70S(UAG|UAA)[0-9][0-9][0-9][0-9]_tRNA(fMet|Ala|Arg|Asn|Asp|Cys|Gln|Glu|Gly|His|Ile|Leu|Lys|Met|Phe|Pro|Ser|Thr|Trp|Tyr|Val|mMet)[ACGU][ACGU][ACGU]_RF1_RF3_GDP,30
507,termRS70S(UAG|UAA)[0-9][0-9][0-9][0-9]_tRNA(fMet|Ala|Arg|Asn|Asp|Cys|Gln|Glu|Gly|His|Ile|Leu|Lys|Met|Phe|Pro|Ser|Thr|Trp|Tyr|Val|mMet)[ACGU][ACGU][ACGU]_RF1_RF3_GDP,"termRS70S(UAG|UAA)[0-9][0-9][0-9][0-9]_tRNA(fMet|Ala|Arg|Asn|Asp|Cys|Gln|Glu|Gly|His|Ile|Leu|Lys|Met|Phe|Pro|Ser|Thr|Trp|Tyr|Val|mMet)[ACGU][ACGU][ACGU]_RF1,RF3_GDP",25
508,"termRS70S(UAG|UAA)[0-9][0-9][0-9][0-9]_tRNA(fMet|Ala|Arg|Asn|Asp|Cys|Gln|Glu|Gly|His|Ile|Leu|Lys|Met|Phe|Pro|Ser|Thr|Trp|Tyr|Val|mMet)[ACGU][ACGU][ACGU]_RF1,RF3_GTP",termRS70S(UAG|UAA)[0-9][0-9][0-9][0-9]_tRNA(fMet|Ala|Arg|Asn|Asp|Cys|Gln|Glu|Gly|His|Ile|Leu|Lys|Met|Phe|Pro|Ser|Thr|Trp|Tyr|Val|mMet)[ACGU][ACGU][ACGU]_RF1_RF3_GTP,30
509,termRS70S(UAG|UAA)[0-9][0-9][0-9][0-9]_tRNA(fMet|Ala|Arg|Asn|Asp|Cys|Gln|Glu|Gly|His|Ile|Leu|Lys|Met|Phe|Pro|Ser|Thr|Trp|Tyr|Val|mMet)[ACGU][ACGU][ACGU]_RF1_RF3_GTP,"termRS70S(UAG|UAA)[0-9][0-9][0-9][0-9]_tRNA(fMet|Ala|Arg|Asn|Asp|Cys|Gln|Glu|Gly|His|Ile|Leu|Lys|Met|Phe|Pro|Ser|Thr|Trp|Tyr|Val|mMet)[ACGU][ACGU][ACGU]_RF1,RF3_GTP",25
510,"termRS70S(UAG|UAA)[0-9][0-9][0-9][0-9]_tRNA(fMet|Ala|Arg|Asn|Asp|Cys|Gln|Glu|Gly|His|Ile|Leu|Lys|Met|Phe|Pro|Ser|Thr|Trp|Tyr|Val|mMet)[ACGU][ACGU][ACGU]_RF1,RF3",termRS70S(UAG|UAA)[0-9][0-9][0-9][0-9]_tRNA(fMet|Ala|Arg|Asn|Asp|Cys|Gln|Glu|Gly|His|Ile|Leu|Lys|Met|Phe|Pro|Ser|Thr|Trp|Tyr|Val|mMet)[ACGU][ACGU][ACGU]_RF1_RF3,30
511,termRS70S(UAG|UAA)[0-9][0-9][0-9][0-9]_tRNA(fMet|Ala|Arg|Asn|Asp|Cys|Gln|Glu|Gly|His|Ile|Leu|Lys|Met|Phe|Pro|Ser|Thr|Trp|Tyr|Val|mMet)[ACGU][ACGU][ACGU]_RF1_RF3,"termRS70S(UAG|UAA)[0-9][0-9][0-9][0-9]_tRNA(fMet|Ala|Arg|Asn|Asp|Cys|Gln|Glu|Gly|His|Ile|Leu|Lys|Met|Phe|Pro|Ser|Thr|Trp|Tyr|Val|mMet)[ACGU][ACGU][ACGU]_RF1,RF3",25
512,termRS70S(UAG|UAA)[0-9][0-9][0-9][0-9]_tRNA(fMet|Ala|Arg|Asn|Asp|Cys|Gln|Glu|Gly|His|Ile|Leu|Lys|Met|Phe|Pro|Ser|Thr|Trp|Tyr|Val|mMet)[ACGU][ACGU][ACGU]_RF1_RF3_GTP,"termRS70S(UAG|UAA)[0-9][0-9][0-9][0-9]_tRNA(fMet|Ala|Arg|Asn|Asp|Cys|Gln|Glu|Gly|His|Ile|Leu|Lys|Met|Phe|Pro|Ser|Thr|Trp|Tyr|Val|mMet)[ACGU][ACGU][ACGU]_RF3_GTP,RF1",0.3
513,"termRS70S(UAG|UAA)[0-9][0-9][0-9][0-9]_tRNA(fMet|Ala|Arg|Asn|Asp|Cys|Gln|Glu|Gly|His|Ile|Leu|Lys|Met|Phe|Pro|Ser|Thr|Trp|Tyr|Val|mMet)[ACGU][ACGU][ACGU]_RF3_GTP,RF1",termRS70S(UAG|UAA)[0-9][0-9][0-9][0-9]_tRNA(fMet|Ala|Arg|Asn|Asp|Cys|Gln|Glu|Gly|His|Ile|Leu|Lys|Met|Phe|Pro|Ser|Thr|Trp|Tyr|Val|mMet)[ACGU][ACGU][ACGU]_RF1_RF3_GTP,60
514,termRS70S(UAG|UGA|UAA)[0-9][0-9][0-9][0-9]_tRNA(fMet|Ala|Arg|Asn|Asp|Cys|Gln|Glu|Gly|His|Ile|Leu|Lys|Met|Phe|Pro|Ser|Thr|Trp|Tyr|Val|mMet)[ACGU][ACGU][ACGU]_RF3_GTP,termRS70S(UAG|UGA|UAA)[0-9][0-9][0-9][0-9]_tRNA(fMet|Ala|Arg|Asn|Asp|Cys|Gln|Glu|Gly|His|Ile|Leu|Lys|Met|Phe|Pro|Ser|Thr|Trp|Tyr|Val|mMet)[ACGU][ACGU][ACGU]_RF3_GDP_PO4,31
515,termRS70S(UAG|UGA|UAA)[0-9][0-9][0-9][0-9]_tRNA(fMet|Ala|Arg|Asn|Asp|Cys|Gln|Glu|Gly|His|Ile|Leu|Lys|Met|Phe|Pro|Ser|Thr|Trp|Tyr|Val|mMet)[ACGU][ACGU][ACGU]_RF3_GDP_PO4,termRS70S(UAG|UGA|UAA)[0-9][0-9][0-9][0-9]_tRNA(fMet|Ala|Arg|Asn|Asp|Cys|Gln|Glu|Gly|His|Ile|Leu|Lys|Met|Phe|Pro|Ser|Thr|Trp|Tyr|Val|mMet)[ACGU][ACGU][ACGU]_RF3_GTP,5
516,termRS70S(UAG|UGA|UAA)[0-9][0-9][0-9][0-9]_tRNA(fMet|Ala|Arg|Asn|Asp|Cys|Gln|Glu|Gly|His|Ile|Leu|Lys|Met|Phe|Pro|Ser|Thr|Trp|Tyr|Val|mMet)[ACGU][ACGU][ACGU]_RF3_GDP_PO4,"termRS70S(UAG|UGA|UAA)[0-9][0-9][0-9][0-9]_tRNA(fMet|Ala|Arg|Asn|Asp|Cys|Gln|Glu|Gly|His|Ile|Leu|Lys|Met|Phe|Pro|Ser|Thr|Trp|Tyr|Val|mMet)[ACGU][ACGU][ACGU]_RF3_GDP,PO4",5
517,termRS70S(UAG|UAA)[0-9][0-9][0-9][0-9]_tRNA(fMet|Ala|Arg|Asn|Asp|Cys|Gln|Glu|Gly|His|Ile|Leu|Lys|Met|Phe|Pro|Ser|Thr|Trp|Tyr|Val|mMet)[ACGU][ACGU][ACGU]_RF1_RF3_GDP,"termRS70S(UAG|UAA)[0-9][0-9][0-9][0-9]_tRNA(fMet|Ala|Arg|Asn|Asp|Cys|Gln|Glu|Gly|His|Ile|Leu|Lys|Met|Phe|Pro|Ser|Thr|Trp|Tyr|Val|mMet)[ACGU][ACGU][ACGU]_RF1_RF3,GDP",10.5
518,"termRS70S(UAG|UAA)[0-9][0-9][0-9][0-9]_tRNA(fMet|Ala|Arg|Asn|Asp|Cys|Gln|Glu|Gly|His|Ile|Leu|Lys|Met|Phe|Pro|Ser|Thr|Trp|Tyr|Val|mMet)[ACGU][ACGU][ACGU]_RF1_RF3,GDP",termRS70S(UAG|UAA)[0-9][0-9][0-9][0-9]_tRNA(fMet|Ala|Arg|Asn|Asp|Cys|Gln|Glu|Gly|His|Ile|Leu|Lys|Met|Phe|Pro|Ser|Thr|Trp|Tyr|Val|mMet)[ACGU][ACGU][ACGU]_RF1_RF3_GDP,5.82
519,termRS70S(UAG|UAA)[0-9][0-9][0-9][0-9]_tRNA(fMet|Ala|Arg|Asn|Asp|Cys|Gln|Glu|Gly|His|Ile|Leu|Lys|Met|Phe|Pro|Ser|Thr|Trp|Tyr|Val|mMet)[ACGU][ACGU][ACGU]_RF1_RF3_GTP,"termRS70S(UAG|UAA)[0-9][0-9][0-9][0-9]_tRNA(fMet|Ala|Arg|Asn|Asp|Cys|Gln|Glu|Gly|His|Ile|Leu|Lys|Met|Phe|Pro|Ser|Thr|Trp|Tyr|Val|mMet)[ACGU][ACGU][ACGU]_RF1_RF3,GTP",10
520,"termRS70S(UAG|UAA)[0-9][0-9][0-9][0-9]_tRNA(fMet|Ala|Arg|Asn|Asp|Cys|Gln|Glu|Gly|His|Ile|Leu|Lys|Met|Phe|Pro|Ser|Thr|Trp|Tyr|Val|mMet)[ACGU][ACGU][ACGU]_RF1_RF3,GTP",termRS70S(UAG|UAA)[0-9][0-9][0-9][0-9]_tRNA(fMet|Ala|Arg|Asn|Asp|Cys|Gln|Glu|Gly|His|Ile|Leu|Lys|Met|Phe|Pro|Ser|Thr|Trp|Tyr|Val|mMet)[ACGU][ACGU][ACGU]_RF1_RF3_GTP,25
521,termRS70S(UAG|UGA|UAA)[0-9][0-9][0-9][0-9]_tRNA(fMet|Ala|Arg|Asn|Asp|Cys|Gln|Glu|Gly|His|Ile|Leu|Lys|Met|Phe|Pro|Ser|Thr|Trp|Tyr|Val|mMet)[ACGU][ACGU][ACGU]_RF3_GDP,"termRS70S(UAG|UGA|UAA)[0-9][0-9][0-9][0-9]_tRNA(fMet|Ala|Arg|Asn|Asp|Cys|Gln|Glu|Gly|His|Ile|Leu|Lys|Met|Phe|Pro|Ser|Thr|Trp|Tyr|Val|mMet)[ACGU][ACGU][ACGU],RF3_GDP",1000
522,"termRS70S(UAG|UGA|UAA)[0-9][0-9][0-9][0-9]_tRNA(fMet|Ala|Arg|Asn|Asp|Cys|Gln|Glu|Gly|His|Ile|Leu|Lys|Met|Phe|Pro|Ser|Thr|Trp|Tyr|Val|mMet)[ACGU][ACGU][ACGU]_RF3_GDP,PO4",termRS70S(UAG|UGA|UAA)[0-9][0-9][0-9][0-9]_tRNA(fMet|Ala|Arg|Asn|Asp|Cys|Gln|Glu|Gly|His|Ile|Leu|Lys|Met|Phe|Pro|Ser|Thr|Trp|Tyr|Val|mMet)[ACGU][ACGU][ACGU]_RF3_GDP_PO4,0
523,"RF3_GDP,termRS70S(UAG|UGA|UAA)[0-9][0-9][0-9][0-9]_tRNA(fMet|Ala|Arg|Asn|Asp|Cys|Gln|Glu|Gly|His|Ile|Leu|Lys|Met|Phe|Pro|Ser|Thr|Trp|Tyr|Val|mMet)[ACGU][ACGU][ACGU]",termRS70S(UAG|UGA|UAA)[0-9][0-9][0-9][0-9]_tRNA(fMet|Ala|Arg|Asn|Asp|Cys|Gln|Glu|Gly|His|Ile|Leu|Lys|Met|Phe|Pro|Ser|Thr|Trp|Tyr|Val|mMet)[ACGU][ACGU][ACGU]_RF3_GDP,0
524,"RF3_GDP,termRS70S(UGA|UAA)[0-9][0-9][0-9][0-9]_tRNA(fMet|Ala|Arg|Asn|Asp|Cys|Gln|Glu|Gly|His|Ile|Leu|Lys|Met|Phe|Pro|Ser|Thr|Trp|Tyr|Val|mMet)[ACGU][ACGU][ACGU]_RF2",termRS70S(UGA|UAA)[0-9][0-9][0-9][0-9]_tRNA(fMet|Ala|Arg|Asn|Asp|Cys|Gln|Glu|Gly|His|Ile|Leu|Lys|Met|Phe|Pro|Ser|Thr|Trp|Tyr|Val|mMet)[ACGU][ACGU][ACGU]_RF2_RF3_GDP,30
525,termRS70S(UGA|UAA)[0-9][0-9][0-9][0-9]_tRNA(fMet|Ala|Arg|Asn|Asp|Cys|Gln|Glu|Gly|His|Ile|Leu|Lys|Met|Phe|Pro|Ser|Thr|Trp|Tyr|Val|mMet)[ACGU][ACGU][ACGU]_RF2_RF3_GDP,"termRS70S(UGA|UAA)[0-9][0-9][0-9][0-9]_tRNA(fMet|Ala|Arg|Asn|Asp|Cys|Gln|Glu|Gly|His|Ile|Leu|Lys|Met|Phe|Pro|Ser|Thr|Trp|Tyr|Val|mMet)[ACGU][ACGU][ACGU]_RF2,RF3_GDP",25
526,"termRS70S(UGA|UAA)[0-9][0-9][0-9][0-9]_tRNA(fMet|Ala|Arg|Asn|Asp|Cys|Gln|Glu|Gly|His|Ile|Leu|Lys|Met|Phe|Pro|Ser|Thr|Trp|Tyr|Val|mMet)[ACGU][ACGU][ACGU]_RF2,RF3_GTP",termRS70S(UGA|UAA)[0-9][0-9][0-9][0-9]_tRNA(fMet|Ala|Arg|Asn|Asp|Cys|Gln|Glu|Gly|His|Ile|Leu|Lys|Met|Phe|Pro|Ser|Thr|Trp|Tyr|Val|mMet)[ACGU][ACGU][ACGU]_RF2_RF3_GTP,30
527,termRS70S(UGA|UAA)[0-9][0-9][0-9][0-9]_tRNA(fMet|Ala|Arg|Asn|Asp|Cys|Gln|Glu|Gly|His|Ile|Leu|Lys|Met|Phe|Pro|Ser|Thr|Trp|Tyr|Val|mMet)[ACGU][ACGU][ACGU]_RF2_RF3_GTP,"termRS70S(UGA|UAA)[0-9][0-9][0-9][0-9]_tRNA(fMet|Ala|Arg|Asn|Asp|Cys|Gln|Glu|Gly|His|Ile|Leu|Lys|Met|Phe|Pro|Ser|Thr|Trp|Tyr|Val|mMet)[ACGU][ACGU][ACGU]_RF2,RF3_GTP",25
528,"termRS70S(UGA|UAA)[0-9][0-9][0-9][0-9]_tRNA(fMet|Ala|Arg|Asn|Asp|Cys|Gln|Glu|Gly|His|Ile|Leu|Lys|Met|Phe|Pro|Ser|Thr|Trp|Tyr|Val|mMet)[ACGU][ACGU][ACGU]_RF2,RF3",termRS70S(UGA|UAA)[0-9][0-9][0-9][0-9]_tRNA(fMet|Ala|Arg|Asn|Asp|Cys|Gln|Glu|Gly|His|Ile|Leu|Lys|Met|Phe|Pro|Ser|Thr|Trp|Tyr|Val|mMet)[ACGU][ACGU][ACGU]_RF2_RF3,30
529,termRS70S(UGA|UAA)[0-9][0-9][0-9][0-9]_tRNA(fMet|Ala|Arg|Asn|Asp|Cys|Gln|Glu|Gly|His|Ile|Leu|Lys|Met|Phe|Pro|Ser|Thr|Trp|Tyr|Val|mMet)[ACGU][ACGU][ACGU]_RF2_RF3,"termRS70S(UGA|UAA)[0-9][0-9][0-9][0-9]_tRNA(fMet|Ala|Arg|Asn|Asp|Cys|Gln|Glu|Gly|His|Ile|Leu|Lys|Met|Phe|Pro|Ser|Thr|Trp|Tyr|Val|mMet)[ACGU][ACGU][ACGU]_RF2,RF3",25
530,termRS70S(UGA|UAA)[0-9][0-9][0-9][0-9]_tRNA(fMet|Ala|Arg|Asn|Asp|Cys|Gln|Glu|Gly|His|Ile|Leu|Lys|Met|Phe|Pro|Ser|Thr|Trp|Tyr|Val|mMet)[ACGU][ACGU][ACGU]_RF2_RF3_GTP,"termRS70S(UGA|UAA)[0-9][0-9][0-9][0-9]_tRNA(fMet|Ala|Arg|Asn|Asp|Cys|Gln|Glu|Gly|His|Ile|Leu|Lys|Met|Phe|Pro|Ser|Thr|Trp|Tyr|Val|mMet)[ACGU][ACGU][ACGU]_RF3_GTP,RF2",0.77
531,"termRS70S(UGA|UAA)[0-9][0-9][0-9][0-9]_tRNA(fMet|Ala|Arg|Asn|Asp|Cys|Gln|Glu|Gly|His|Ile|Leu|Lys|Met|Phe|Pro|Ser|Thr|Trp|Tyr|Val|mMet)[ACGU][ACGU][ACGU]_RF3_GTP,RF2",termRS70S(UGA|UAA)[0-9][0-9][0-9][0-9]_tRNA(fMet|Ala|Arg|Asn|Asp|Cys|Gln|Glu|Gly|His|Ile|Leu|Lys|Met|Phe|Pro|Ser|Thr|Trp|Tyr|Val|mMet)[ACGU][ACGU][ACGU]_RF2_RF3_GTP,23
532,termRS70S(UGA|UAA)[0-9][0-9][0-9][0-9]_tRNA(fMet|Ala|Arg|Asn|Asp|Cys|Gln|Glu|Gly|His|Ile|Leu|Lys|Met|Phe|Pro|Ser|Thr|Trp|Tyr|Val|mMet)[ACGU][ACGU][ACGU]_RF2_RF3_GDP,"termRS70S(UGA|UAA)[0-9][0-9][0-9][0-9]_tRNA(fMet|Ala|Arg|Asn|Asp|Cys|Gln|Glu|Gly|His|Ile|Leu|Lys|Met|Phe|Pro|Ser|Thr|Trp|Tyr|Val|mMet)[ACGU][ACGU][ACGU]_RF2_RF3,GDP",10.5
533,"termRS70S(UGA|UAA)[0-9][0-9][0-9][0-9]_tRNA(fMet|Ala|Arg|Asn|Asp|Cys|Gln|Glu|Gly|His|Ile|Leu|Lys|Met|Phe|Pro|Ser|Thr|Trp|Tyr|Val|mMet)[ACGU][ACGU][ACGU]_RF2_RF3,GDP",termRS70S(UGA|UAA)[0-9][0-9][0-9][0-9]_tRNA(fMet|Ala|Arg|Asn|Asp|Cys|Gln|Glu|Gly|His|Ile|Leu|Lys|Met|Phe|Pro|Ser|Thr|Trp|Tyr|Val|mMet)[ACGU][ACGU][ACGU]_RF2_RF3_GDP,5.82
534,termRS70S(UGA|UAA)[0-9][0-9][0-9][0-9]_tRNA(fMet|Ala|Arg|Asn|Asp|Cys|Gln|Glu|Gly|His|Ile|Leu|Lys|Met|Phe|Pro|Ser|Thr|Trp|Tyr|Val|mMet)[ACGU][ACGU][ACGU]_RF2_RF3_GTP,"termRS70S(UGA|UAA)[0-9][0-9][0-9][0-9]_tRNA(fMet|Ala|Arg|Asn|Asp|Cys|Gln|Glu|Gly|His|Ile|Leu|Lys|Met|Phe|Pro|Ser|Thr|Trp|Tyr|Val|mMet)[ACGU][ACGU][ACGU]_RF2_RF3,GTP",10
535,"termRS70S(UGA|UAA)[0-9][0-9][0-9][0-9]_tRNA(fMet|Ala|Arg|Asn|Asp|Cys|Gln|Glu|Gly|His|Ile|Leu|Lys|Met|Phe|Pro|Ser|Thr|Trp|Tyr|Val|mMet)[ACGU][ACGU][ACGU]_RF2_RF3,GTP",termRS70S(UGA|UAA)[0-9][0-9][0-9][0-9]_tRNA(fMet|Ala|Arg|Asn|Asp|Cys|Gln|Glu|Gly|His|Ile|Leu|Lys|Met|Phe|Pro|Ser|Thr|Trp|Tyr|Val|mMet)[ACGU][ACGU][ACGU]_RF2_RF3_GTP,25
536,"termRS70S(UAG|UGA|UAA)[0-9][0-9][0-9][0-9]_tRNA(fMet|Ala|Arg|Asn|Asp|Cys|Gln|Glu|Gly|His|Ile|Leu|Lys|Met|Phe|Pro|Ser|Thr|Trp|Tyr|Val|mMet)[ACGU][ACGU][ACGU]_RRF,EFG_GTP",termRS70S(UAG|UGA|UAA)[0-9][0-9][0-9][0-9]_tRNA(fMet|Ala|Arg|Asn|Asp|Cys|Gln|Glu|Gly|His|Ile|Leu|Lys|Met|Phe|Pro|Ser|Thr|Trp|Tyr|Val|mMet)[ACGU][ACGU][ACGU]_RRF_EFG_GTP,31
537,termRS70S(UAG|UGA|UAA)[0-9][0-9][0-9][0-9]_tRNA(fMet|Ala|Arg|Asn|Asp|Cys|Gln|Glu|Gly|His|Ile|Leu|Lys|Met|Phe|Pro|Ser|Thr|Trp|Tyr|Val|mMet)[ACGU][ACGU][ACGU]_RRF_EFG_GTP,"termRS70S(UAG|UGA|UAA)[0-9][0-9][0-9][0-9]_tRNA(fMet|Ala|Arg|Asn|Asp|Cys|Gln|Glu|Gly|His|Ile|Leu|Lys|Met|Phe|Pro|Ser|Thr|Trp|Tyr|Val|mMet)[ACGU][ACGU][ACGU]_RRF,EFG_GTP",2.4
538,termRS70S(UAG|UGA|UAA)[0-9][0-9][0-9][0-9]_tRNA(fMet|Ala|Arg|Asn|Asp|Cys|Gln|Glu|Gly|His|Ile|Leu|Lys|Met|Phe|Pro|Ser|Thr|Trp|Tyr|Val|mMet)[ACGU][ACGU][ACGU]_RRF_EFG_GTP,"termRS70S(UAG|UGA|UAA)[0-9][0-9][0-9][0-9]_tRNA(fMet|Ala|Arg|Asn|Asp|Cys|Gln|Glu|Gly|His|Ile|Leu|Lys|Met|Phe|Pro|Ser|Thr|Trp|Tyr|Val|mMet)[ACGU][ACGU][ACGU]_EFG_GTP,RRF",0.6
539,"termRS70S(UAG|UGA|UAA)[0-9][0-9][0-9][0-9]_tRNA(fMet|Ala|Arg|Asn|Asp|Cys|Gln|Glu|Gly|His|Ile|Leu|Lys|Met|Phe|Pro|Ser|Thr|Trp|Tyr|Val|mMet)[ACGU][ACGU][ACGU]_EFG_GTP,RRF",termRS70S(UAG|UGA|UAA)[0-9][0-9][0-9][0-9]_tRNA(fMet|Ala|Arg|Asn|Asp|Cys|Gln|Glu|Gly|His|Ile|Leu|Lys|Met|Phe|Pro|Ser|Thr|Trp|Tyr|Val|mMet)[ACGU][ACGU][ACGU]_RRF_EFG_GTP,3.1
540,termRS70S(UAG|UGA|UAA)[0-9][0-9][0-9][0-9]_tRNA(fMet|Ala|Arg|Asn|Asp|Cys|Gln|Glu|Gly|His|Ile|Leu|Lys|Met|Phe|Pro|Ser|Thr|Trp|Tyr|Val|mMet)[ACGU][ACGU][ACGU]_RRF_EFG_GDP_PO4,"termRS70S(UAG|UGA|UAA)[0-9][0-9][0-9][0-9]_tRNA(fMet|Ala|Arg|Asn|Asp|Cys|Gln|Glu|Gly|His|Ile|Leu|Lys|Met|Phe|Pro|Ser|Thr|Trp|Tyr|Val|mMet)[ACGU][ACGU][ACGU]_RRF_EFG_GDP,PO4",5
541,"termRS70S(UAG|UGA|UAA)[0-9][0-9][0-9][0-9]_tRNA(fMet|Ala|Arg|Asn|Asp|Cys|Gln|Glu|Gly|His|Ile|Leu|Lys|Met|Phe|Pro|Ser|Thr|Trp|Tyr|Val|mMet)[ACGU][ACGU][ACGU],RRF",termRS70S(UAG|UGA|UAA)[0-9][0-9][0-9][0-9]_tRNA(fMet|Ala|Arg|Asn|Asp|Cys|Gln|Glu|Gly|His|Ile|Leu|Lys|Met|Phe|Pro|Ser|Thr|Trp|Tyr|Val|mMet)[ACGU][ACGU][ACGU]_RRF,3.1
542,termRS70S(UAG|UGA|UAA)[0-9][0-9][0-9][0-9]_tRNA(fMet|Ala|Arg|Asn|Asp|Cys|Gln|Glu|Gly|His|Ile|Leu|Lys|Met|Phe|Pro|Ser|Thr|Trp|Tyr|Val|mMet)[ACGU][ACGU][ACGU]_RRF,"termRS70S(UAG|UGA|UAA)[0-9][0-9][0-9][0-9]_tRNA(fMet|Ala|Arg|Asn|Asp|Cys|Gln|Glu|Gly|His|Ile|Leu|Lys|Met|Phe|Pro|Ser|Thr|Trp|Tyr|Val|mMet)[ACGU][ACGU][ACGU],RRF",0.6
543,"termRS70S(UAG|UGA|UAA)[0-9][0-9][0-9][0-9]_tRNA(fMet|Ala|Arg|Asn|Asp|Cys|Gln|Glu|Gly|His|Ile|Leu|Lys|Met|Phe|Pro|Ser|Thr|Trp|Tyr|Val|mMet)[ACGU][ACGU][ACGU],EFG_GTP",termRS70S(UAG|UGA|UAA)[0-9][0-9][0-9][0-9]_tRNA(fMet|Ala|Arg|Asn|Asp|Cys|Gln|Glu|Gly|His|Ile|Leu|Lys|Met|Phe|Pro|Ser|Thr|Trp|Tyr|Val|mMet)[ACGU][ACGU][ACGU]_EFG_GTP,31
544,termRS70S(UAG|UGA|UAA)[0-9][0-9][0-9][0-9]_tRNA(fMet|Ala|Arg|Asn|Asp|Cys|Gln|Glu|Gly|His|Ile|Leu|Lys|Met|Phe|Pro|Ser|Thr|Trp|Tyr|Val|mMet)[ACGU][ACGU][ACGU]_EFG_GTP,"termRS70S(UAG|UGA|UAA)[0-9][0-9][0-9][0-9]_tRNA(fMet|Ala|Arg|Asn|Asp|Cys|Gln|Glu|Gly|His|Ile|Leu|Lys|Met|Phe|Pro|Ser|Thr|Trp|Tyr|Val|mMet)[ACGU][ACGU][ACGU],EFG_GTP",2.4
545,termRS70S(UAG|UGA|UAA)[0-9][0-9][0-9][0-9]_tRNA(fMet|Ala|Arg|Asn|Asp|Cys|Gln|Glu|Gly|His|Ile|Leu|Lys|Met|Phe|Pro|Ser|Thr|Trp|Tyr|Val|mMet)[ACGU][ACGU][ACGU]_RRF_EFG_GTP,termRS70S(UAG|UGA|UAA)[0-9][0-9][0-9][0-9]_tRNA(fMet|Ala|Arg|Asn|Asp|Cys|Gln|Glu|Gly|His|Ile|Leu|Lys|Met|Phe|Pro|Ser|Thr|Trp|Tyr|Val|mMet)[ACGU][ACGU][ACGU]_RRF_EFG_GDP_PO4,31
546,termRS70S(UAG|UGA|UAA)[0-9][0-9][0-9][0-9]_tRNA(fMet|Ala|Arg|Asn|Asp|Cys|Gln|Glu|Gly|His|Ile|Leu|Lys|Met|Phe|Pro|Ser|Thr|Trp|Tyr|Val|mMet)[ACGU][ACGU][ACGU]_RRF_EFG_GDP_PO4,termRS70S(UAG|UGA|UAA)[0-9][0-9][0-9][0-9]_tRNA(fMet|Ala|Arg|Asn|Asp|Cys|Gln|Glu|Gly|His|Ile|Leu|Lys|Met|Phe|Pro|Ser|Thr|Trp|Tyr|Val|mMet)[ACGU][ACGU][ACGU]_RRF_EFG_GTP,5
547,termRS70S(UAG|UGA|UAA)[0-9][0-9][0-9][0-9]_tRNA(fMet|Ala|Arg|Asn|Asp|Cys|Gln|Glu|Gly|His|Ile|Leu|Lys|Met|Phe|Pro|Ser|Thr|Trp|Tyr|Val|mMet)[ACGU][ACGU][ACGU]_RRF_EFG_GDP,"RS50S_tRNA(fMet|Ala|Arg|Asn|Asp|Cys|Gln|Glu|Gly|His|Ile|Leu|Lys|Met|Phe|Pro|Ser|Thr|Trp|Tyr|Val|mMet)[ACGU][ACGU][ACGU]_RRF_EFG_GDP,termRS30S_mRNA",1000
548,termRS30S_mRNA,"RS30S,mRNA",1000
549,"RS30S,mRNA",termRS30S_mRNA,0
550,RS50S_tRNA(fMet|Ala|Arg|Asn|Asp|Cys|Gln|Glu|Gly|His|Ile|Leu|Lys|Met|Phe|Pro|Ser|Thr|Trp|Tyr|Val|mMet)[ACGU][ACGU][ACGU]_RRF_EFG_GDP,"RS50S_tRNA(fMet|Ala|Arg|Asn|Asp|Cys|Gln|Glu|Gly|His|Ile|Leu|Lys|Met|Phe|Pro|Ser|Thr|Trp|Tyr|Val|mMet)[ACGU][ACGU][ACGU]_RRF,EFG_GDP",1000
551,RS50S_tRNA(fMet|Ala|Arg|Asn|Asp|Cys|Gln|Glu|Gly|His|Ile|Leu|Lys|Met|Phe|Pro|Ser|Thr|Trp|Tyr|Val|mMet)[ACGU][ACGU][ACGU]_RRF_EFG_GDP,"RS50S_tRNA(fMet|Ala|Arg|Asn|Asp|Cys|Gln|Glu|Gly|His|Ile|Leu|Lys|Met|Phe|Pro|Ser|Thr|Trp|Tyr|Val|mMet)[ACGU][ACGU][ACGU]_EFG_GDP,RRF",1000
552,RS50S_tRNA(fMet|Ala|Arg|Asn|Asp|Cys|Gln|Glu|Gly|His|Ile|Leu|Lys|Met|Phe|Pro|Ser|Thr|Trp|Tyr|Val|mMet)[ACGU][ACGU][ACGU]_RRF_EFG_GDP,"RS50S_RRF_EFG_GDP,tRNA(fMet|Ala|Arg|Asn|Asp|Cys|Gln|Glu|Gly|His|Ile|Leu|Lys|Met|Phe|Pro|Ser|Thr|Trp|Tyr|Val|mMet)[ACGU][ACGU][ACGU]",1000
553,RS50S_tRNA(fMet|Ala|Arg|Asn|Asp|Cys|Gln|Glu|Gly|His|Ile|Leu|Lys|Met|Phe|Pro|Ser|Thr|Trp|Tyr|Val|mMet)[ACGU][ACGU][ACGU]_RRF,"RS50S_RRF,tRNA(fMet|Ala|Arg|Asn|Asp|Cys|Gln|Glu|Gly|His|Ile|Leu|Lys|Met|Phe|Pro|Ser|Thr|Trp|Tyr|Val|mMet)[ACGU][ACGU][ACGU]",1000
554,RS50S_tRNA(fMet|Ala|Arg|Asn|Asp|Cys|Gln|Glu|Gly|His|Ile|Leu|Lys|Met|Phe|Pro|Ser|Thr|Trp|Tyr|Val|mMet)[ACGU][ACGU][ACGU]_RRF,"RS50S_tRNA(fMet|Ala|Arg|Asn|Asp|Cys|Gln|Glu|Gly|His|Ile|Leu|Lys|Met|Phe|Pro|Ser|Thr|Trp|Tyr|Val|mMet)[ACGU][ACGU][ACGU],RRF",1000
555,RS50S_RRF,"RS50S,RRF",1000
556,RS50S_tRNA(fMet|Ala|Arg|Asn|Asp|Cys|Gln|Glu|Gly|His|Ile|Leu|Lys|Met|Phe|Pro|Ser|Thr|Trp|Tyr|Val|mMet)[ACGU][ACGU][ACGU],"tRNA(fMet|Ala|Arg|Asn|Asp|Cys|Gln|Glu|Gly|His|Ile|Leu|Lys|Met|Phe|Pro|Ser|Thr|Trp|Tyr|Val|mMet)[ACGU][ACGU][ACGU],RS50S",1000
557,RS50S_tRNA(fMet|Ala|Arg|Asn|Asp|Cys|Gln|Glu|Gly|His|Ile|Leu|Lys|Met|Phe|Pro|Ser|Thr|Trp|Tyr|Val|mMet)[ACGU][ACGU][ACGU]_EFG_GDP,"EFG_GDP,RS50S_tRNA(fMet|Ala|Arg|Asn|Asp|Cys|Gln|Glu|Gly|His|Ile|Leu|Lys|Met|Phe|Pro|Ser|Thr|Trp|Tyr|Val|mMet)[ACGU][ACGU][ACGU]",1000
558,RS50S_tRNA(fMet|Ala|Arg|Asn|Asp|Cys|Gln|Glu|Gly|His|Ile|Leu|Lys|Met|Phe|Pro|Ser|Thr|Trp|Tyr|Val|mMet)[ACGU][ACGU][ACGU]_EFG_GDP,"RS50S_EFG_GDP,tRNA(fMet|Ala|Arg|Asn|Asp|Cys|Gln|Glu|Gly|His|Ile|Leu|Lys|Met|Phe|Pro|Ser|Thr|Trp|Tyr|Val|mMet)[ACGU][ACGU][ACGU]",1000
559,RS50S_RRF_EFG_GDP,"RS50S_RRF,EFG_GDP",1000
560,RS50S_RRF_EFG_GDP,"RS50S_EFG_GDP,RRF",1000
561,"PO4,termRS70S(UAG|UGA|UAA)[0-9][0-9][0-9][0-9]_tRNA(fMet|Ala|Arg|Asn|Asp|Cys|Gln|Glu|Gly|His|Ile|Leu|Lys|Met|Phe|Pro|Ser|Thr|Trp|Tyr|Val|mMet)[ACGU][ACGU][ACGU]_RRF_EFG_GDP",termRS70S(UAG|UGA|UAA)[0-9][0-9][0-9][0-9]_tRNA(fMet|Ala|Arg|Asn|Asp|Cys|Gln|Glu|Gly|His|Ile|Leu|Lys|Met|Phe|Pro|Ser|Thr|Trp|Tyr|Val|mMet)[ACGU][ACGU][ACGU]_RRF_EFG_GDP_PO4,0
562,"RS50S_tRNA(fMet|Ala|Arg|Asn|Asp|Cys|Gln|Glu|Gly|His|Ile|Leu|Lys|Met|Phe|Pro|Ser|Thr|Trp|Tyr|Val|mMet)[ACGU][ACGU][ACGU]_RRF_EFG_GDP,termRS30S_mRNA",termRS70S(UAG|UGA|UAA)[0-9][0-9][0-9][0-9]_tRNA(fMet|Ala|Arg|Asn|Asp|Cys|Gln|Glu|Gly|His|Ile|Leu|Lys|Met|Phe|Pro|Ser|Thr|Trp|Tyr|Val|mMet)[ACGU][ACGU][ACGU]_RRF_EFG_GDP,0
563,"RRF,RS50S_tRNA(fMet|Ala|Arg|Asn|Asp|Cys|Gln|Glu|Gly|His|Ile|Leu|Lys|Met|Phe|Pro|Ser|Thr|Trp|Tyr|Val|mMet)[ACGU][ACGU][ACGU]_EFG_GDP",RS50S_tRNA(fMet|Ala|Arg|Asn|Asp|Cys|Gln|Glu|Gly|His|Ile|Leu|Lys|Met|Phe|Pro|Ser|Thr|Trp|Tyr|Val|mMet)[ACGU][ACGU][ACGU]_RRF_EFG_GDP,0
564,"EFG_GDP,RS50S_tRNA(fMet|Ala|Arg|Asn|Asp|Cys|Gln|Glu|Gly|His|Ile|Leu|Lys|Met|Phe|Pro|Ser|Thr|Trp|Tyr|Val|mMet)[ACGU][ACGU][ACGU]_RRF",RS50S_tRNA(fMet|Ala|Arg|Asn|Asp|Cys|Gln|Glu|Gly|His|Ile|Leu|Lys|Met|Phe|Pro|Ser|Thr|Trp|Tyr|Val|mMet)[ACGU][ACGU][ACGU]_RRF_EFG_GDP,0
565,"tRNA(fMet|Ala|Arg|Asn|Asp|Cys|Gln|Glu|Gly|His|Ile|Leu|Lys|Met|Phe|Pro|Ser|Thr|Trp|Tyr|Val|mMet)[ACGU][ACGU][ACGU],RS50S_RRF_EFG_GDP",RS50S_tRNA(fMet|Ala|Arg|Asn|Asp|Cys|Gln|Glu|Gly|His|Ile|Leu|Lys|Met|Phe|Pro|Ser|Thr|Trp|Tyr|Val|mMet)[ACGU][ACGU][ACGU]_RRF_EFG_GDP,0
566,"EFG_GDP,RS50S_tRNA(fMet|Ala|Arg|Asn|Asp|Cys|Gln|Glu|Gly|His|Ile|Leu|Lys|Met|Phe|Pro|Ser|Thr|Trp|Tyr|Val|mMet)[ACGU][ACGU][ACGU]",RS50S_tRNA(fMet|Ala|Arg|Asn|Asp|Cys|Gln|Glu|Gly|His|Ile|Leu|Lys|Met|Phe|Pro|Ser|Thr|Trp|Tyr|Val|mMet)[ACGU][ACGU][ACGU]_EFG_GDP,0
567,"RRF,RS50S_tRNA(fMet|Ala|Arg|Asn|Asp|Cys|Gln|Glu|Gly|His|Ile|Leu|Lys|Met|Phe|Pro|Ser|Thr|Trp|Tyr|Val|mMet)[ACGU][ACGU][ACGU]",RS50S_tRNA(fMet|Ala|Arg|Asn|Asp|Cys|Gln|Glu|Gly|His|Ile|Leu|Lys|Met|Phe|Pro|Ser|Thr|Trp|Tyr|Val|mMet)[ACGU][ACGU][ACGU]_RRF,0
568,"tRNA(fMet|Ala|Arg|Asn|Asp|Cys|Gln|Glu|Gly|His|Ile|Leu|Lys|Met|Phe|Pro|Ser|Thr|Trp|Tyr|Val|mMet)[ACGU][ACGU][ACGU],RS50S_EFG_GDP",RS50S_tRNA(fMet|Ala|Arg|Asn|Asp|Cys|Gln|Glu|Gly|His|Ile|Leu|Lys|Met|Phe|Pro|Ser|Thr|Trp|Tyr|Val|mMet)[ACGU][ACGU][ACGU]_EFG_GDP,0
569,"RRF,RS50S_EFG_GDP",RS50S_RRF_EFG_GDP,0
570,"tRNA(fMet|Ala|Arg|Asn|Asp|Cys|Gln|Glu|Gly|His|Ile|Leu|Lys|Met|Phe|Pro|Ser|Thr|Trp|Tyr|Val|mMet)[ACGU][ACGU][ACGU],RS50S_RRF",RS50S_tRNA(fMet|Ala|Arg|Asn|Asp|Cys|Gln|Glu|Gly|His|Ile|Leu|Lys|Met|Phe|Pro|Ser|Thr|Trp|Tyr|Val|mMet)[ACGU][ACGU][ACGU]_RRF,0
571,"EFG_GDP,RS50S_RRF",RS50S_RRF_EFG_GDP,0
572,"tRNA(fMet|Ala|Arg|Asn|Asp|Cys|Gln|Glu|Gly|His|Ile|Leu|Lys|Met|Phe|Pro|Ser|Thr|Trp|Tyr|Val|mMet)[ACGU][ACGU][ACGU],RS50S",RS50S_tRNA(fMet|Ala|Arg|Asn|Asp|Cys|Gln|Glu|Gly|His|Ile|Leu|Lys|Met|Phe|Pro|Ser|Thr|Trp|Tyr|Val|mMet)[ACGU][ACGU][ACGU],0
573,"RRF,RS50S",RS50S_RRF,0
